Id,SourceTagName,TargetTagName,Score,AutoRenameCount
"3","windows-forms","winforms","0","726"
"5","c-sharp","c#","0","251"
"7","hg","mercurial","0","1052"
"9","dotnet",".net","0","4333"
"10","threading","multithreading","0","5582"
"11","multithread","multithreading","0","697"
"13","rails","ruby-on-rails","0","59276"
"14","js","javascript","0","61296"
"15","vc++","visual-c++","0","2727"
"18","source-control","version-control","0","397"
"19","blog","blogs","0","2206"
"21","ui","user-interface","0","9455"
"22","vs2008","visual-studio-2008","0","1215"
"23","vs2005","visual-studio-2005","0","356"
"24","vs2010","visual-studio-2010","0","3406"
"27","primary-keys","primary-key","0","9"
"28","foreign-key","foreign-keys","0","403"
"29","postgres","postgresql","0","10239"
"30","macosx","macos","0","2372"
"32","j2me","java-me","0","3482"
"33","ie","internet-explorer","0","6145"
"34","msie","internet-explorer","0","67"
"35","applets","applet","0","144"
"38","ejb-3","ejb-3.0","0","8"
"45","glassfish-v3","glassfish-3","0","7"
"53","java-5.0","java-5","0","0"
"56","java-6.0","java-6","0","0"
"59","java-7.0","java-7","0","0"
"62","jee","jakarta-ee","0","2056"
"67","jee-5","java-ee-5","0","7"
"72","jee-6","java-ee-6","0","57"
"75","java.io","java-io","0","112"
"79","jpa-2","jpa-2.0","0","53"
"83","jsf2.0","jsf-2","0","326"
"84","jsp-tag","jsp-tags","0","4"
"85","jsp-tag-files","jsp-tags","0","4"
"88","jsp-fragment","jsp-fragments","0","0"
"90","jsp-f","jsp-fragments","0","0"
"91","jspf","jsp-fragments","0","35"
"93","servlet","servlets","0","9391"
"95","servlet-filter","servlet-filters","0","69"
"98","tomcat-5","tomcat-5.0","0","0"
"102","tomcat-6","tomcat-6.0","0","0"
"105","weblogic-8","weblogic-8.x","0","0"
"107","weblogic-8.1","weblogic-8.x","0","0"
"113","weblogic-10","weblogic-10.x","0","0"
"114","weblogic10.x","weblogic-10.x","0","39"
"116","weblogic-11","weblogic-11g","0","0"
"118","eclipse-ganymede","eclipse-3.4","0","2"
"119","eclipse-galileo","eclipse-3.5","0","30"
"120","eclipse-helios","eclipse-3.6","0","136"
"124","msvc++","visual-c++","0","234"
"125","msvc","visual-c++","0","1529"
"127","team-system","visual-studio-team-system","0","96"
"129","visual-web","visual-web-developer","0","1"
"130","algorithms","algorithm","0","3716"
"131","ai","artificial-intelligence","0","3994"
"133","astar","a-star","0","186"
"135","baseclasses","base-class","0","8"
"136","batch-process","batch-processing","0","7"
"148","bit-field","bit-fields","0","7"
"153","code-snippet","code-snippets","0","30"
"156","snippets","code-snippets","0","286"
"157","snippet","code-snippets","0","404"
"158","code-style","coding-style","0","134"
"159","programming-style","coding-style","0","21"
"160","xsrf","csrf","0","85"
"162","dal","data-access-layer","0","170"
"164","di","dependency-injection","0","451"
"167","discussions","discussion","0","6"
"168","discuss","discussion","0","2"
"169","conversation","discussion","0","33"
"170","conversations","discussion","0","7"
"171","ddd","domain-driven-design","0","1544"
"173","drag-drop","drag-and-drop","0","42"
"176","dont-repeat-yourself","dry","0","7"
"177","daylight-savings","dst","0","38"
"178","daylight-savings-time","dst","0","51"
"179","daylight","dst","0","69"
"180","duplicate","duplicates","0","3742"
"181","fix","fix-protocol","0","377"
"184","font","fonts","0","5873"
"185","fractal","fractals","0","203"
"186","programming-history","history","0","9"
"188","icon","icons","0","3739"
"190","if","if-statement","0","13741"
"194","inheritence","inheritance","0","455"
"195","i18n","internationalization","0","2917"
"196","ioc","inversion-of-control","0","918"
"197","interprocess-communicatio","ipc","0","39"
"200","key-binding","key-bindings","0","18"
"201","licence","licensing","0","235"
"202","licences","licensing","0","20"
"203","licence-agreement","licensing","0","12"
"204","licence-agreements","licensing","0","0"
"205","license","licensing","0","1333"
"206","licenses","licensing","0","94"
"207","license-agreement","licensing","0","9"
"208","license-agreements","licensing","0","3"
"209","l10n","localization","0","275"
"210","liskov-substitution","liskov-substitution-principle","0","24"
"213","mac-addr","mac-address","0","1"
"215","marshaling","marshalling","0","81"
"216","marshal","marshalling","0","275"
"219","method-chains","method-chaining","0","9"
"220","method-chain","method-chaining","0","6"
"221","operator","operator-keyword","0","3478"
"223","plugin","plugins","0","14229"
"226","regexp","regex","0","3735"
"227","regular-expression","regex","0","2767"
"228","regular-expressions","regex","0","1331"
"231","single-responsibility","single-responsibility-principle","0","13"
"233","template","templates","0","13539"
"240","ux","user-experience","0","491"
"241","units-of-measure","units-of-measurement","0","9"
"242","units","units-of-measurement","0","181"
"243","windows-api","winapi","0","263"
"246","asp-net","asp.net","0","279"
"247","asp-net-mvc","asp.net-mvc","0","205"
"248","asp-net-mvc2","asp.net-mvc-2","0","260"
"250","asp.net-mvc2","asp.net-mvc-2","0","300"
"251","mvc2","asp.net-mvc-2","0","800"
"255","c#.net","c#","0","3690"
"263","ef","entity-framework","0","2038"
"264","ef4","entity-framework-4","0","483"
"266","window-form","winforms","0","12"
"267","windows-form","winforms","0","172"
"268","window-forms","winforms","0","12"
"270","windows-form-designer","windows-forms-designer","0","10"
"271","app.config","app-config","0","615"
"273","bdb","berkeley-db","0","35"
"275","bdbje","berkeley-db-je","0","4"
"278","clustered-indexing","clustered-index","0","2"
"279","cte","common-table-expression","0","634"
"281","multiple-primary-keys","composite-primary-key","0","11"
"282","databases","database","0","1961"
"283","data-warehousing","data-warehouse","0","22"
"286","embedded-db","embedded-database","0","1"
"289","oracle10g-express","oracle-xe","0","41"
"290","oracle-express","oracle-xe","0","12"
"293","mssql","sql-server","0","14677"
"294","sql-express","sql-server-express","0","52"
"298","sql-compact","sql-server-ce","0","68"
"299","sql-server-compact","sql-server-ce","0","80"
"300","sql-mobile","sql-server-ce","0","2"
"302","stored-procedure","stored-procedures","0","564"
"303","sproc","stored-procedures","0","70"
"304","subqueries","subquery","0","166"
"313","os","operating-system","0","5055"
"314","operating-systems","operating-system","0","139"
"315","macos10.6","osx-snow-leopard","0","151"
"316","snow-leopard","osx-snow-leopard","0","224"
"317","wince","windows-ce","0","493"
"319","win2k3","windows-server-2003","0","6"
"320","server-2003","windows-server-2003","0","7"
"321","win2k8","windows-server-2008","0","29"
"322","vista","windows-vista","0","434"
"325","winxp","windows-xp","0","84"
"327","win7","windows-7","0","654"
"328","windows-7-api","windows-7","0","9"
"335","team-foundation-server","tfs","0","303"
"336","team-foundation","tfs","0","22"
"337","team-foundation-build","tfsbuild","0","21"
"339","revision-control","version-control","0","72"
"340","scm","version-control","0","522"
"341","source-code-management","version-control","0","47"
"342","vss","visual-sourcesafe","0","279"
"343","as3","actionscript-3","0","9615"
"344","adobe-flex","apache-flex","0","90"
"346","adobe-flex-2","flex-2","0","0"
"351","golang","go","0","12595"
"352","go-language","go","0","20"
"366","chrome","google-chrome","0","23852"
"368","ie6","internet-explorer-6","0","1123"
"371","ie7","internet-explorer-7","0","1794"
"374","ie8","internet-explorer-8","0","2811"
"377","ie9","internet-explorer-9","0","1415"
"380","weblogic-9","weblogic-9.x","0","0"
"382","timezones","timezone","0","133"
"383","timezoneinfo","timezone","0","65"
"384","web.config","web-config","0","2562"
"385","transact-sql","t-sql","0","212"
"387","chrome-os","google-chrome-os","0","19"
"388",".hgignore","hgignore","0","14"
"390","multi-threaded","multithreading","0","35"
"392","h264","h.264","0","908"
"393","msil","cil","0","249"
"394","aws","amazon-web-services","0","40034"
"397","redemption","outlook-redemption","2","65"
"404","vs2008sp1","visual-studio-2008-sp1","3","115"
"407","ios-4.0","ios4","3","3"
"410","google-maps-v3","google-maps-api-3","3","124"
"412","android-mobile","android","3","33"
"413","google-maps-api","google-maps","3","1045"
"414","python-2","python-2.x","3","52"
"419","wf","workflow-foundation","4","225"
"420","subversion","svn","3","3532"
"423","wf-4","workflow-foundation-4","3","1"
"424","rstats","r","3","250"
"427","windows-sidebar","windows-desktop-gadgets","4","4"
"429","server-2008","windows-server-2008","4","19"
"430","vs.net","visual-studio","-1","133"
"431","socket","sockets","3","17172"
"432","socket-programming","sockets","3","222"
"437","my-sql","mysql","3","80"
"438","restful","rest","3","3168"
"440","microsoft-office","ms-office","3","86"
"442",".net4",".net-4.0","3","658"
"444","asp.mvc","asp.net-mvc","3","121"
"445","winform","winforms","3","4477"
"446","ce","windows-ce","0","171"
"449","fourier-transform","fft","4","95"
"450","objc","objective-c","3","1430"
"451","accessviolationexception","access-violation","3","134"
"452","stlstring","stdstring","4","0"
"454","macro","macros","4","11296"
"456","array","arrays","3","91179"
"457","event","events","3","9919"
"458","variable","variables","4","18096"
"460","loop","loops","4","34196"
"461","method","methods","3","10711"
"463","pointer","pointers","4","9385"
"465","password","passwords","3","6645"
"467","namespace","namespaces","3","2889"
"469","tag","tags","4","3964"
"470","parameter","parameters","4","4480"
"471","delegate","delegates","3","2126"
"472","resource","resources","3","2407"
"473","collection","collections","3","3488"
"474","number","numbers","4","5370"
"475","transaction","transactions","3","2613"
"476","protocol","protocols","4","1945"
"477","theme","themes","3","4093"
"478","notification","notifications","3","5863"
"479","container","containers","4","3654"
"480","warning","warnings","4","1872"
"481","tool","tools","4","365"
"482","filename","filenames","3","1420"
"483","tutorial","tutorials","3","280"
"484","permission","permissions","4","3117"
"485","annotation","annotations","3","2084"
"486","web-service","web-services","4","965"
"489","web-application","web-applications","3","374"
"492","memory-leak","memory-leaks","2","420"
"496","custom-control","custom-controls","3","68"
"497","crystal-report","crystal-reports","3","148"
"498","windows-service","windows-services","2","328"
"502","data-structure","data-structures","3","388"
"511","connectionstrings","connection-string","3","44"
"515","orderby","sql-order-by","3","972"
"518","mime-type","mime-types","3","69"
"522","dict","dictionary","3","2243"
"524","reporting-service","reporting-services","2","19"
"541","javascript-event","javascript-events","3","28"
"542","javascriptobject","javascript-objects","3","25"
"545","cascading-style-sheet","css","3","9"
"546","windows-scripting-host","wsh","3","13"
"547","ms-excel","excel","3","315"
"548","microsoft-office-outlook","outlook","4","4"
"549","microsoft-word","ms-word","3","161"
"550","searching","search","3","837"
"551","question","questions","3","14"
"553","visualisation","visualization","4","298"
"554","images","image","4","10725"
"555","disks","disk","3","38"
"559","behaviors","behavior","3","47"
"560","behaviour","behavior","3","162"
"561","behaviours","behavior","3","10"
"563","nullable-types","nullable","4","47"
"566","vc6","visual-c++-6","3","12"
"567","http-status-code","http-status-codes","4","58"
"569","struts-2","struts2","3","42"
"570","pthread","pthreads","4","1364"
"575","laziness","lazy-evaluation","4","48"
"576","lazy","lazy-evaluation","4","655"
"577","netbeans-plugin","netbeans-plugins","3","0"
"580","parser","parsing","4","4019"
"581","parsers","parsing","4","114"
"582","parse","parsing","4","13792"
"583","testdrivendevelopment","tdd","3","28"
"584","roo","spring-roo","0","0"
"585","fsharp","f#","1","387"
"586","wf4.0","workflow-foundation-4","3","56"
"587","intellij","intellij-idea","0","5556"
"588","unit-test","unit-testing","3","374"
"599","scripts","scripting","4","1714"
"608","htaccess",".htaccess","3","14335"
"609","regexes","regex","3","10"
"610","wp7","windows-phone-7","0","3131"
"612","zf","zend-framework","2","200"
"614","os-development","osdev","3","0"
"616","jquery-plugin","jquery-plugins","3","112"
"619","object-oriented-design","oop","4","876"
"626","threads","multithreading","4","5654"
"632","looping","loops","4","1437"
"634","vista-gadget","windows-desktop-gadgets","4","23"
"635","vista-sidebar","windows-desktop-gadgets","4","0"
"638","firefox-extension","firefox-addon","3","174"
"640","closure","closures","4","1536"
"645","ooxml","openxml","3","94"
"655","mspowerpoint","powerpoint","4","8"
"656","microsoft-powerpoint","powerpoint","4","9"
"657","ppt","powerpoint","4","418"
"658","pptx","powerpoint","4","225"
"684","microsoft-office-onenote","onenote","1","2"
"689","support-vector-machines","svm","4","55"
"694","perltidy","perl-tidy","4","11"
"695","perlcritic","perl-critic","4","7"
"700","quicktest-pro","qtp","2","0"
"703","django-formsets","django-forms","0","51"
"704","django-modelforms","django-forms","0","22"
"705","django-modelformsets","django-forms","0","3"
"706","django-queries","django-queryset","2","7"
"708","mscrm","dynamics-crm","0","89"
"709","microsoft-dynamics-crm","dynamics-crm","0","8"
"711","adobe-flash","flash","4","88"
"715","ungreedy","non-greedy","4","3"
"732","ttf","truetype","4","264"
"733","rst","restructuredtext","4","142"
"756","ms-sql-server","sql-server","4","79"
"760","sql2000","sql-server-2000","4","89"
"763","sql2005","sql-server-2005","4","216"
"767","mssql2005","sql-server-2005","4","493"
"768","sql2008","sql-server-2008","4","317"
"772","msie8","internet-explorer-8","4","22"
"773","question-colon","conditional-operator","0","0"
"775","dot-net",".net","4","30"
"778","coverage","code-coverage","0","696"
"779","anonymous-functions","anonymous-function","3","7"
"780","webspiders","web-crawler","4","37"
"781","web-spider","web-crawler","4","28"
"783","conversions","conversion","3","21"
"786","fourier","fft","1","541"
"789","moss-2007","sharepoint-2007","4","123"
"797","intents","android-intent","3","282"
"799","object-relational-mapping","orm","4","111"
"800","myphpadmin","phpmyadmin","0","160"
"807","rx","system.reactive","4","550"
"808","iobservable","system.reactive","4","70"
"809","iobserver","system.reactive","4","5"
"815","code-challenge","challenge","4","71"
"816","sort","sorting","4","12305"
"817","ecmascript","javascript","4","662"
"818","python-3","python-3.x","0","1529"
"820","py3k","python-3.x","0","35"
"821","python3k","python-3.x","0","49"
"823","recursive","recursion","4","3941"
"824","branches","branch","4","243"
"825","branching","branch","4","280"
"828","ec2","amazon-ec2","4","3877"
"829","s3","amazon-s3","4","5176"
"830","sqs","amazon-sqs","4","474"
"831","simpledb","amazon-simpledb","1","24"
"832","windows-azure","azure","2","321"
"833","azure-tables","azure-table-storage","4","9"
"834","cloud-computing","cloud","3","222"
"835","breadcrumb","breadcrumbs","1","171"
"844","ms-velocity","appfabric","1","2"
"845","swing-worker","swingworker","0","0"
"847","netriaservices","wcf-ria-services","4","2"
"852","phpdocumentor","phpdoc","2","77"
"853","css-layout","css","4","423"
"854","entlib","enterprise-library","4","80"
"855","windows-powershell","powershell","4","24"
"860","algorithm-design","algorithm","2","203"
"861","mathematics","math","4","819"
"862","ssrs","reporting-services","2","9129"
"865","ssrs-2005","reportingservices-2005","3","253"
"867","reportingservices-2008","ssrs-2008","2","234"
"868","sql-reporting-services","reporting-services","4","50"
"871","tif","tiff","3","201"
"876","cc.net","cruisecontrol.net","3","43"
"878","enum","enums","4","4319"
"880","crystal","crystal-reports","4","1628"
"890","emacs-lisp","elisp","4","262"
"891","browser-sniffing","browser-detection","2","8"
"895","quality-assurance","qa","2","107"
"897","refactor","refactoring","3","430"
"910","jboss-netty","netty","2","26"
"912","lightswitch","visual-studio-lightswitch","1","518"
"913","microsoft-lightswitch","visual-studio-lightswitch","1","1"
"916","vb-to-vb.net","vb6-migration","4","40"
"917","vb6-conversion","vb6-migration","4","22"
"918","vs-lightswitch","visual-studio-lightswitch","1","1"
"924","adobe-flex-3","flex3","2","133"
"926","apache-ant","ant","2","47"
"937","visual-basic-applications","vba","2","101"
"938",".ini","ini","4","45"
"939",".ajax","ajax","4","151"
"940",".avi","avi","4","20"
"942","restful-web-services","rest","4","362"
"950","vcs","version-control","4","400"
"952","us-ascii","ascii","4","14"
"956","deadline","deadlines","4","40"
"958","code-smells","code-smell","4","9"
"964","google-nacl","google-nativeclient","0","9"
"965","nativeclient","google-nativeclient","0","8"
"968","permutations","permutation","0","738"
"970","windows-batch","batch-file","4","65"
"974","thread","multithreading","0","14244"
"975","humor","fun","4","106"
"976","humour","fun","4","10"
"979","authorisation","authorization","1","89"
"980","globalisation","globalization","3","18"
"981","optimisation","optimization","2","632"
"982","localisation","localization","3","163"
"983","localize","localization","4","85"
"984","optimize","optimization","4","1091"
"985","initialisation","initialization","2","92"
"986","initialize","initialization","4","569"
"989","deprecation","deprecated","4","99"
"990","gae","google-app-engine","4","2092"
"996","framework","frameworks","4","8979"
"998","g11n","globalization","4","4"
"1001","t9n","translation","3","2"
"1004","fulltext-searching","full-text-search","4","5"
"1007",".csv","csv","3","390"
"1008",".dll","dll","4","207"
"1012","include-files","include","4","33"
"1013","includes","include","4","408"
"1016","shards","sharding","1","46"
"1021","tab","tabs","4","3349"
"1023","browsers","browser","4","545"
"1024","exceptions","exception","4","1593"
"1030","maths","math","0","1382"
"1031","domains","dns","4","549"
"1032","career","stuck-tag-newbie-career-development","4","232"
"1033","career-advice","stuck-tag-newbie-career-development","4","241"
"1034","vbs","vbscript","4","2378"
"1035","peer-to-peer","p2p","4","149"
"1045","open-source-projects","open-source","4","26"
"1046","open-source-contribution","open-source","4","20"
"1047",".js","javascript","4","752"
"1048","jsdebug","javascript-debugger","1","1"
"1049","construct","construction","1","0"
"1050","ctor","constructor","2","38"
"1053","ctrl-c","copy-paste","4","72"
"1054","ctrl-v","copy-paste","4","3"
"1055","delay-loading","delay-load","2","0"
"1056","delayed","delay","3","81"
"1058","strongly-typed-datasets","strongly-typed-dataset","4","4"
"1059","strong-name","strongname","2","9"
"1060","strong-naming","strongname","2","1"
"1064","custom-data-generator","data-generation","2","0"
"1065","data-generators","data-generation","4","6"
"1067","linq2nhibernate","linq-to-nhibernate","4","23"
"1068","linq-entity-framework","entity-framework","4","14"
"1069","dlinq","dynamic-linq","4","7"
"1070","email-attachment","email-attachments","4","18"
"1072","sql-to-linq","linq-to-sql","4","13"
"1073","linq-to-object","linq-to-objects","4","6"
"1080","garnet-os","palm-os","-1","0"
"1083","object-oriented","oop","4","1031"
"1084","wizards","wizard","4","12"
"1085","spring-dm","springsource-dm-server","1","0"
"1088","event-handler","event-handling","4","64"
"1089","event-handlers","event-handling","4","30"
"1090","acegi","spring-security","4","15"
"1091","iphone-sdk","iphone","4","7435"
"1097","portable","portability","4","429"
"1100","pgsql","postgresql","4","398"
"1101","form","forms","4","33348"
"1102","iphone-os-4","ios4","3","0"
"1103","iphone-os-4.0","ios4","4","0"
"1104","iphone-os","ios","4","2"
"1106","phone-numbers","phone-number","4","6"
"1107","constructors","constructor","4","615"
"1111","bitwise-operations","bitwise-operators","4","55"
"1113","jquery-selector","jquery-selectors","3","30"
"1116","backus-naur-form","bnf","4","8"
"1117","primitives","primitive","4","94"
"1118","hooking","hook","4","238"
"1119","hooks","hook","4","1985"
"1121","yii-framework","yii","4","270"
"1123","db","database","4","4123"
"1124","dcvs","dvcs","2","23"
"1125","patches","patch","3","144"
"1129","matrices","matrix","4","795"
"1130","wwf","workflow-foundation","1","3"
"1132","expression-engine","expressionengine","1","6"
"1133","natural-language-process","nlp","3","64"
"1134","natural-language","nlp","5","326"
"1139","apache-derby","derby","3","20"
"1140","jars","jar","2","140"
"1141","immutable","immutability","4","490"
"1143","llblgen","llblgenpro","0","0"
"1144","callbacks","callback","4","458"
"1145","lists","list","3","10058"
"1147","weld","jboss-weld","2","48"
"1148","bzr","bazaar","3","211"
"1158","vc9","visual-c++-2008","4","14"
"1159","vb-classic","vb6","4","5"
"1163","blogging","blogs","4","153"
"1164","scraping","screen-scraping","2","3720"
"1165","keyboards","keyboard","4","19"
"1167","codepage","codepages","2","116"
"1169","spring-framework","spring","4","485"
"1171","portlets","portlet","2","96"
"1172","raphael-js","raphael","4","133"
"1174","overload","overloading","2","809"
"1176","subprocesses","subprocess","4","33"
"1177","hsql","hsqldb","2","25"
"1182","atomic-compare-and-swap","compare-and-swap","4","5"
"1183","atomic-swap","compare-and-swap","1","2"
"1184","sessions","session","3","2261"
"1185","use-cases","use-case","3","15"
"1186","modules","module","4","2899"
"1187","python-modules","python-module","4","40"
"1188","digital-signal-processing","signal-processing","4","96"
"1189","machine-vision","computer-vision","4","54"
"1190","x-window-system","x11","4","20"
"1195","scc","version-control","4","77"
"1196","source-code-control","version-control","2","26"
"1197","sccs","version-control","4","31"
"1199","gc","garbage-collection","4","687"
"1203","windsor","castle-windsor","3","176"
"1207","pos","point-of-sale","2","85"
"1215","salesforce.com","salesforce","4","179"
"1216","google-collections","guava","4","12"
"1217","secure","security","4","1313"
"1218","fpc","freepascal","4","154"
"1219","htmlhelp","chm","4","31"
"1220","facebook-api","facebook","4","1533"
"1226","functions","function","4","11665"
"1239","jws","java-web-start","4","171"
"1242","linking","linker","4","1870"
"1245","bash-script","bash","4","294"
"1247","pci-compliance","pci-dss","2","0"
"1254","makefiles","makefile","4","75"
"1256","windows-identity-foundati","wif","0","1"
"1258","mvc","model-view-controller","4","32403"
"1260","job","jobs","4","1664"
"1262","agile-development","agile","4","173"
"1263","cookie","cookies","3","4563"
"1264","dotnetopenid","dotnetopenauth","4","44"
"1265","async","asynchronous","4","8101"
"1268","myth-busting","myths","1","0"
"1269","printer","printing","4","1728"
"1270","print","printing","4","9320"
"1271","network","network-programming","4","14754"
"1281","plotting","plot","4","1372"
"1286","mvc.net","asp.net-mvc","1","275"
"1287","tcpip","tcp","4","526"
"1291","compilers","compiler-construction","4","434"
"1294","attribute","attributes","4","3471"
"1298","bug-reports","bug-reporting","1","2"
"1299","buttons","button","4","3456"
"1304","browser-back-button","back-button","2","4"
"1307","bytes","byte","4","1529"
"1311","feature","features","4","123"
"1312","binary-trees","binary-tree","4","33"
"1313","cryptographic","cryptography","4","40"
"1317","c#-language","c#","3","18"
"1321","vulnerability","security","4","530"
"1322","vulnerabilities","security","4","183"
"1331","wordpress-themes","wordpress-theming","2","80"
"1332","jdbc-driver","jdbc","4","52"
"1334","pointer-math","pointer-arithmetic","1","0"
"1335","pointer-to-function","function-pointers","4","10"
"1336","smart-pointer","smart-pointers","4","28"
"1337","apache-cassandra","cassandra","4","70"
"1339","javadocs","javadoc","1","62"
"1344","non-determinism","non-deterministic","4","4"
"1347","tpl","task-parallel-library","4","654"
"1348","webapps","web-applications","4","201"
"1349","webapp","web-applications","4","2624"
"1352","11g","oracle11g","4","423"
"1354","college","university","2","0"
"1358","webflow2","spring-webflow-2","1","0"
"1364","dlls","dll","4","82"
"1365","visual-studio-2010-rtm","visual-studio-2010","4","4"
"1369","ejb2","ejb-2.x","4","34"
"1370","xsl","xslt","2","4040"
"1374","delphi-2011","delphi-xe","4","2"
"1379","technique","techniques","4","5"
"1382","dynamics-ax","axapta","5","34"
"1384","microsoft-dynamics-ax","axapta","4","6"
"1385","perl-xs","xs","3","7"
"1387","protobuf","protocol-buffers","4","1199"
"1389","asm","assembly","4","3073"
"1390","adobe-air","air","3","45"
"1392","flash-builder","flexbuilder","0","0"
"1394","gwt-uibinder","uibinder","3","1"
"1395","boost-bjam","bjam","1","0"
"1400","levenstein","levenshtein-distance","0","8"
"1402","image-maps","imagemap","4","8"
"1403","mbean","jmx","4","98"
"1405","reactive-extensions","system.reactive","4","116"
"1409","autoloading","autoload","4","67"
"1410","color","colors","4","8931"
"1414","levenshtein","levenshtein-distance","1","121"
"1415","coldfusion-mx","coldfusion-6","1","4"
"1416","uml-modelling","uml","1","4"
"1417","aptana-studio","aptana","1","53"
"1418","classes","class","4","7046"
"1420","wm5","windows-mobile-5.0","0","4"
"1421","cross-site-scripting","xss","4","86"
"1422","deploy","deployment","4","3400"
"1429","aws-s3","amazon-s3","4","205"
"1430","type","types","4","5383"
"1431","iterators","iterator","4","442"
"1432","interfaces","interface","4","988"
"1433","lock","locking","4","2134"
"1437","input-output","io","4","87"
"1438","inputs","input","4","426"
"1441","javascript-execution","javascript","4","50"
"1443","semantic-meaning","semantics","4","8"
"1444","p4","perforce","2","244"
"1445","analysis-services","ssas","-1","134"
"1446","iphone-development","iphone","4","129"
"1447","interoperability","interop","4","156"
"1455","social-network","social-networking","1","49"
"1467","timers","timer","4","394"
"1468","python-nose","nose","4","9"
"1469","nosetests","nose","4","407"
"1472","dijit","dojo","4","253"
"1473","dojox","dojo","4","142"
"1474","concatenate","concatenation","4","1237"
"1482","accent","diacritics","4","188"
"1485","symbolic-link","symlink","4","86"
"1493","mockup","mockups","4","62"
"1496","add-ins","add-in","4","53"
"1498","addons","add-on","4","165"
"1502","namespacing","namespaces","4","29"
"1504","credential","credentials","4","178"
"1506","credit-cards","credit-card","4","7"
"1507","session-cookie","session-cookies","4","18"
"1509","passing-by-reference","pass-by-reference","4","8"
"1511","managers","manager","4","10"
"1513","batch-files","batch-file","4","31"
"1515","archetype","archetypes","4","119"
"1516","archives","archive","4","99"
"1517","archiving","archive","2","27"
"1519","profilers","profiler","0","6"
"1525","iphone-sdk-3","iphone-sdk-3.0","4","0"
"1528","dynamic-array","dynamic-arrays","4","73"
"1529","dynamicbinding","dynamic-binding","4","11"
"1531","auto-generation","auto-generate","4","3"
"1532","auto-generated","auto-generate","4","27"
"1533","code-generator","code-generation","4","31"
"1534","documentation-generator","documentation-generation","4","5"
"1536","asp.net-mvc-controllers","asp.net-mvc-controller","0","0"
"1537","compositecontrol","composite-controls","4","21"
"1538","condition-variables","condition-variable","4","4"
"1539","global-variable","global-variables","4","66"
"1540","local-variable","local-variables","4","34"
"1541","ado-net-dataservices","wcf-data-services","1","1"
"1542","ado-net-data-services","wcf-data-services","4","0"
"1545","autocompletion","autocomplete","4","134"
"1546","benchmark","benchmarking","4","603"
"1547","benchmarks","benchmarking","4","35"
"1548","circular-references","circular-reference","4","4"
"1550","rs232","serial-port","4","493"
"1554","self-learning","self-improvement","4","178"
"1557","preprocessing","preprocessor","4","347"
"1558","preprocess","preprocessor","4","80"
"1559","preprocessor-directives","preprocessor","4","36"
"1560","preprocessor-abuse","preprocessor","4","14"
"1563","case-sensitivity","case-sensitive","4","33"
"1565","spellchecker","spell-checking","4","94"
"1570","case-studies","case-study","4","1"
"1573","destructors","destructor","4","52"
"1574","gmake","gnu-make","3","74"
"1577","ui-testing","gui-testing","1","188"
"1578","website-testing","web-testing","4","6"
"1580","functional-tests","functional-testing","4","4"
"1582","upload-file","file-upload","4","61"
"1583","software-testing","testing","4","79"
"1585","groovygrails","grails","4","77"
"1586","slugs","slug","4","39"
"1587","significant-figures","significant-digits","0","2"
"1590","dependency","dependencies","4","2112"
"1591","classloaders","classloader","4","14"
"1595","java-se","java","4","88"
"1597","shared-library","shared-libraries","4","73"
"1604","mock","mocking","4","2523"
"1605","mocks","mocking","4","95"
"1612","typecast","casting","4","211"
"1618","non-const","constants","4","19"
"1620","windows-programming","windows","4","120"
"1621","www","web","0","689"
"1632","personal-development","self-improvement","4","25"
"1633","self-development","self-improvement","4","0"
"1637","classifier","classification","4","577"
"1642","iphone-app","iphone","4","68"
"1643","equal","equals","4","482"
"1646","windows.forms","winforms","4","68"
"1647","objective-c-2","objective-c-2.0","1","0"
"1649","strings","string","4","9027"
"1651","multiple-process","multiprocess","0","0"
"1652","phusion-passenger","passenger","4","532"
"1654","aspx","asp.net","4","2728"
"1661","having-clause","having","3","95"
"1663","xpath-expression","xpath","4","43"
"1664","text-message","sms","4","17"
"1666","text-messages","sms","4","4"
"1667","system.addin","maf","-1","0"
"1673","cache","caching","4","9209"
"1674","memcache","memcached","4","678"
"1686","unix-time","unix-timestamp","2","27"
"1691","ebooks","ebook","4","31"
"1694","javax.swing","swing","2","53"
"1695","jaxb2","jaxb","2","424"
"1697","bookmark","bookmarks","1","289"
"1700","decouple","decoupling","2","25"
"1702","transitions","transition","3","396"
"1703","sql-ansi","ansi-sql","3","1"
"1709","multivariate-testing","ab-testing","-1","0"
"1710","split-testing","ab-testing","-1","5"
"1711","javaws","java-web-start","2","51"
"1713","linq2sql","linq-to-sql","4","220"
"1714","debug","debugging","4","7308"
"1715","java-swing","swing","1","100"
"1716","collations","collation","3","13"
"1720","ccnet","cruisecontrol.net","4","55"
"1721","connectionpool","connection-pooling","1","19"
"1722","windows-2003","windows-server-2003","1","0"
"1727","compiler-error","compiler-errors","4","113"
"1728","sqlservermanagementstudio","ssms","3","19"
"1729","management-studio","ssms","3","20"
"1731","mail","email","4","7969"
"1734","iostreams","iostream","4","49"
"1738","google-code-hosting","google-code","1","0"
"1740","transactionlog","transaction-log","4","7"
"1745","mbeans","jmx","-1","0"
"1746","session-handling","session-management","1","2"
"1748","distributedtransactions","distributed-transactions","2","1"
"1750","error-codes","error-code","3","2"
"1751","error-messages","error-message","4","11"
"1752","compile-errors","compiler-errors","3","89"
"1753","compile-error","compiler-errors","2","82"
"1754","compilation-error","compiler-errors","4","34"
"1755","compilation-errors","compiler-errors","3","49"
"1756","camelcase","camelcasing","1","50"
"1757","cast","casting","4","2233"
"1759","fulltrust","full-trust","1","1"
"1765","7z","7zip","2","172"
"1766","sevenzip","7zip","2","7"
"1768","powerpack","powerpacks","0","3"
"1769","badges","badge","1","44"
"1770","discretemath","discrete-mathematics","4","20"
"1771","cmath","math.h","1","0"
"1773","schemas","schema","4","64"
"1774","3d-modeling","3d-modelling","1","14"
"1777","cache-l2","l2-cache","1","0"
"1778","shape","shapes","0","974"
"1779","layers","layer","0","555"
"1781",".flv","flv","0","5"
"1785","action-filters","action-filter","0","0"
"1787","actionlinks","actionlink","1","1"
"1789","actions","action","1","695"
"1790","y2k38","year2038","4","6"
"1791","2038","year2038","4","13"
"1792","pkcs11","pkcs#11","1","104"
"1795","restful-wcf","wcf-rest","2","34"
"1801","doublebuffered","double-buffering","0","19"
"1802","constant","constants","4","870"
"1803","language-constructs","language-construct","4","4"
"1804","clllocation","cllocation","1","0"
"1806","foreach-loop","foreach","4","69"
"1807",".each","each","2","71"
"1808",".jar","jar","4","503"
"1813","serialisation","serialization","4","105"
"1815","serialze","serialization","4","5"
"1816","serializing","serialization","4","72"
"1817","serialized","serialization","4","82"
"1819","global-interpreter-lock","gil","-1","1"
"1822","boostshared-ptr","shared-ptr","4","8"
"1828","change-log","changelog","2","1"
"1832","microisv","micro-isv","4","0"
"1835","prototype.js","prototypejs","4","60"
"1839","autowiring","autowired","4","89"
"1840","paths","path","4","543"
"1841","multiple-languages","multilingual","2","51"
"1848","apache-cxf","cxf","4","79"
"1849","pubsub","publish-subscribe","1","346"
"1851","ado.net-data-services","wcf-data-services","-1","17"
"1853","escape","escaping","4","1287"
"1854","escaped-characters","escaping","4","137"
"1855","escape-sequence","escaping","4","56"
"1856","escape-character","escaping","4","43"
"1857","escaped","escaping","4","36"
"1858","unescape","escaping","4","71"
"1859","string-escaping","escaping","4","24"
"1860","double-escaping","escaping","4","1"
"1861","character-escaping","escaping","4","13"
"1868","system.directoryservices","directoryservices","1","55"
"1869","system-directoryservices","directoryservices","1","0"
"1881","load-balance","load-balancing","2","28"
"1882","load-balancer","load-balancing","2","136"
"1885","stringliteral","string-literals","4","11"
"1886","literal","literals","4","414"
"1887","xp","windows-xp","3","498"
"1890","cronjob","cron","4","894"
"1891","association","associations","4","599"
"1896","birt-report","birt","4","100"
"1897","spreadsheets","spreadsheet","4","405"
"1898","generators","generator","4","292"
"1899","flow-of-control","control-flow","4","0"
"1902","try","try-catch","4","1193"
"1904","catch","try-catch","4","962"
"1909","concurrent","concurrency","4","900"
"1911","kata","code-kata","1","5"
"1912","ccnet-config","cruisecontrol.net","4","9"
"1913","try-statement","try-catch","4","6"
"1917","try-catch-throw","try-catch","4","0"
"1918","vc++.net","visual-c++","4","57"
"1919","type-casting","casting","4","256"
"1923","dependencyproperty","dependency-properties","4","159"
"1926","diagnostic","diagnostics","4","80"
"1931","sqllite","sqlite","4","1091"
"1935","windows-2008-r2","windows-server-2008-r2","3","43"
"1946","userscript","userscripts","4","331"
"1947","minifier","minify","4","28"
"1950","d3d","direct3d","4","112"
"1952","shell-script","shell","4","478"
"1956","combination","combinations","3","876"
"1957","helios","eclipse-3.6","1","4"
"1958","3gs","iphone-3gs","3","8"
"1959","tests","testing","4","785"
"1960","test","testing","4","8140"
"1961","for","for-loop","4","11607"
"1962","garbage-collector","garbage-collection","4","99"
"1971","null-object","null-object-pattern","1","2"
"1977","payments","payment","4","510"
"1978","google-calendar","google-calendar-api","4","515"
"1980","monad","monads","4","469"
"1983","webcrawling","web-crawler","4","107"
"1992","filesystem","filesystems","3","1937"
"1994","tts","text-to-speech","1","597"
"1996","cdt","eclipse-cdt","1","156"
"1998","as2","actionscript-2","4","375"
"2000","headers","header","4","2077"
"2001","unserialize","serialization","0","122"
"2002","deserialize","serialization","0","848"
"2003","iframes","iframe","4","276"
"2004","win32","winapi","4","6105"
"2007","programming-paradigms","paradigms","1","3"
"2008","paradigm","paradigms","4","51"
"2010","silverlight-4","silverlight-4.0","4","72"
"2016","hotlink","hotlinking","4","49"
"2018","model-view-viewmodel","mvvm","4","12"
"2019","gqlquery","gql","0","0"
"2020","mssql2008","sql-server-2008","4","297"
"2022","integral-promotion","integer-promotion","4","2"
"2023","orthogonality","orthogonal","4","11"
"2024","ast","abstract-syntax-tree","2","662"
"2025","validations","validation","4","306"
"2026","apis","api","4","414"
"2027","errors","error","4","71"
"2028","optimizations","optimization","4","47"
"2029","urls","url","4","757"
"2030","tables","table","4","4045"
"2032","objects","object","3","7018"
"2033","videos","video","4","580"
"2034","animations","animation","4","928"
"2035","layouts","layout","4","397"
"2036","encodings","encoding","4","26"
"2037","joins","join","3","1243"
"2038","services","service","3","2956"
"2039","bindings","binding","4","423"
"2040","redirects","http-redirect","4","353"
"2041","websites","web","4","586"
"2043","prototypes","prototype","1","76"
"2045","webform","webforms","4","808"
"2046","uploads","upload","3","200"
"2047","vectors","vector","4","1739"
"2048","menus","menu","2","283"
"2051","trigger","triggers","4","5453"
"2053","datasets","dataset","4","379"
"2055","deletes","delete","3","7"
"2056","filters","filter","4","1270"
"2057","migrations","migration","4","661"
"2058","inserts","insert","4","40"
"2059","eclipse-plugins","eclipse-plugin","3","18"
"2060","downloads","download","4","229"
"2061","trees","tree","4","653"
"2062","streams","stream","4","1377"
"2063","dialogs","dialog","4","138"
"2065","component","components","4","3640"
"2066","users","user","4","1087"
"2068","carriage-returns","carriage-return","4","2"
"2069","subroutines","subroutine","4","75"
"2071","lookup-table","lookup-tables","4","24"
"2073","report-viewer","reportviewer","4","33"
"2075","threadsafe","thread-safety","4","93"
"2077","duplicate-code","code-duplication","4","7"
"2078","transformations","transformation","4","129"
"2081","performance-issues","performance","2","33"
"2084","dynamic-link-library","dll","4","8"
"2085","static-library","static-libraries","4","98"
"2088","decorators","decorator","3","388"
"2091","unix-programming","unix","4","223"
"2092","multitenancy","multi-tenant","1","70"
"2093","google-guice","guice","4","3"
"2099","google-web-toolkit","gwt","4","92"
"2102","android-sdk","android","4","2137"
"2113","dnn","dotnetnuke","3","865"
"2114","link","hyperlink","0","8079"
"2115","hyperlinks","hyperlink","0","349"
"2117","joda","jodatime","4","203"
"2118","computational-linguistics","nlp","4","112"
"2121","xsltransform","xslt","4","9"
"2123","coding-convention","coding-style","4","32"
"2124","coding-standards","coding-style","4","48"
"2126","rewriteengine","mod-rewrite","4","95"
"2127","rewritecond","mod-rewrite","4","351"
"2128","rewriterule","mod-rewrite","4","958"
"2130","opengles","opengl-es","2","488"
"2131","shell-scripting","shell","4","3895"
"2132","shell-command","shell","4","42"
"2133","shell-commands","shell","4","20"
"2138","flex-sdk","apache-flex","4","8"
"2143","while","while-loop","4","7328"
"2146","commands","command","4","1050"
"2155","dsp","signal-processing","0","945"
"2156","lambda-expressions","lambda","4","264"
"2162","google-search-api","google-search","0","0"
"2164","paypal-api","paypal","4","1178"
"2165","sound-api","audio","4","9"
"2166","twitter-api","twitter","4","4152"
"2167","facebook-sdk","facebook","4","679"
"2168","ipad-sdk","ipad","4","38"
"2170","mojo-sdk","mojo","-1","0"
"2176","uninitialized","initialization","3","159"
"2184","encrypt","encryption","3","1268"
"2191","mina","apache-mina","1","70"
"2198","xss-prevention","xss","4","266"
"2201","mod-rails","passenger","1","0"
"2203","pil","python-imaging-library","4","1624"
"2210","ext-gwt","gxt","1","0"
"2211","perfomance","performance","4","307"
"2212","out-parameter","out-parameters","1","2"
"2214","jdk7","java-7","4","382"
"2217","minification","minify","1","91"
"2218","memoize","memoization","4","27"
"2222","stats","statistics","3","626"
"2223","adl","argument-dependent-lookup","1","57"
"2227","modelbinder","modelbinders","0","13"
"2230","todos","todo","0","7"
"2232","performance-tuning","performance","4","472"
"2233","10g","oracle10g","3","129"
"2234","mongo","mongodb","4","5442"
"2236","sql-developer","oracle-sqldeveloper","1","59"
"2240","timagelist","imagelist","-1","0"
"2241","ruby-on-rails-gems","rubygems","3","0"
"2242","kernel-programming","kernel","4","304"
"2244","docs","documentation","2","471"
"2245","membership-provider","asp.net-membership","3","4"
"2246","sqlmembershipprovider","asp.net-membership","1","0"
"2250","cs","computer-science","4","661"
"2251","url-encoding","urlencode","4","369"
"2255","gem","rubygems","4","2031"
"2258","facebook-application","facebook","2","507"
"2259","graph-api","facebook-graph-api","2","74"
"2261","facebook-fbml","fbml","0","0"
"2262","serverfbml","fbml","0","0"
"2263","staticfbml","fbml","0","0"
"2264","facebook-fanpage","facebook-page","2","0"
"2265","facebook-java-sdk","facebook-java-api","0","57"
"2266","facebook-authentication","facebook-oauth","0","0"
"2267","appengine","google-app-engine","4","1089"
"2270","jquery-grid","jqgrid","0","20"
"2273","command-query-separation","cqrs","-1","0"
"2274","jquery-animation","jquery-animate","1","2"
"2275","cmd.exe","cmd","4","489"
"2278","jquery-accordian","jquery-ui-accordion","0","0"
"2280","serialize","serialization","4","1197"
"2283","win32api","winapi","4","1196"
"2288","google-adsense","adsense","0","52"
"2289","nsnotification","nsnotifications","0","34"
"2290","code-only","code-first","4","2"
"2300","j2ee","jakarta-ee","1","2958"
"2303","code-audit","code-review","3","0"
"2304","sxs","side-by-side","1","0"
"2305","winsxs","side-by-side","1","0"
"2310","umn-mapserver","mapserver","0","0"
"2311","facets","facet","4","107"
"2312","jquery-tmpl","jquery-templates","0","27"
"2313","form-submission","form-submit","4","43"
"2314","permalink","permalinks","0","363"
"2317","semaphores","semaphore","2","6"
"2318","distributed-cache","distributed-caching","0","0"
"2319","kynetx","krl","0","0"
"2320","websockets","websocket","4","1983"
"2321","java-expression-language","el","1","0"
"2326","forxml","for-xml","0","8"
"2335","swf","flash","4","306"
"2336","sequence-point","sequence-points","0","6"
"2338","dwmapi","dwm","0","1"
"2354","rml","reportlab","0","0"
"2355","learn","learning","2","51"
"2356","aspect-oriented","aop","3","1"
"2359","n2cms","n2","0","0"
"2361","piglatin","apache-pig","4","631"
"2362","window-management","window-managers","-1","0"
"2365","httpservletrequest","servlets","4","140"
"2366","httpservletresponse","servlets","4","60"
"2368","cache-coherence","caching","3","22"
"2369","mvc3","asp.net-mvc-3","4","4039"
"2370","mouse-picking","picking","0","0"
"2371","processing.org","processing","4","17"
"2373","computer-graphics","graphics","2","137"
"2374","pdt","eclipse-pdt","4","85"
"2379","gmaps","google-maps","4","248"
"2380","sso","single-sign-on","0","1750"
"2386","test-driven","tdd","2","7"
"2387","ha","high-availability","0","148"
"2388","decryption","encryption","4","2393"
"2390","x64","64-bit","4","901"
"2391","xhr","xmlhttprequest","2","729"
"2393","ci","continuous-integration","2","1563"
"2395","softreference","soft-references","0","7"
"2396","weakreference","weak-references","0","35"
"2399","traversing","traversal","0","75"
"2402","phpdoctrine","doctrine","4","9"
"2403","tortoise-hg","tortoisehg","0","1"
"2404","heirarchy","hierarchy","1","51"
"2405","java-applet","applet","2","67"
"2407","crypto","cryptography","2","1788"
"2415","codecs","codec","0","94"
"2416","mysql-query","mysql","4","2506"
"2421","dnn5","dotnetnuke-5","0","15"
"2426","bfs","breadth-first-search","1","315"
"2429","jboss-hornetq","hornetq","0","0"
"2430","programming-terms","terminology","2","0"
"2431","hexadecimal","hex","4","782"
"2432","ps","postscript","2","39"
"2436","self-organizing-maps","som","0","0"
"2440","kvo","key-value-observing","2","172"
"2443","facebook-connect","facebook","4","2336"
"2444","facebook-graph","facebook-graph-api","1","59"
"2445","oops","oop","2","905"
"2447","jsecurity","shiro","0","0"
"2450","sandboxing","sandbox","0","46"
"2451","asp.net-webmethod","asmx","1","3"
"2452","richtextformat","rtf","0","2"
"2454","fast","performance","3","832"
"2455","parallel-programming","parallel-processing","4","132"
"2456","apache-tomcat","tomcat","4","77"
"2459","url-shortening","url-shortener","0","10"
"2460","slow","performance","1","2771"
"2461","object-file","object-files","0","38"
"2462","open-office","openoffice.org","0","3"
"2463","mathematical","math","4","243"
"2465","arithmetic","math","2","909"
"2467","apple-ios","ios","4","9"
"2468",".net-cf","compact-framework","0","8"
"2470","multicore-programming","multicore","1","6"
"2474","exercises","homework","4","34"
"2475","programming-exercise","homework","4","8"
"2476","book-exercise","homework","4","1"
"2478","structures","structure","4","1077"
"2479","database-structure","database","4","39"
"2480","wpf-toolkit","wpftoolkit","0","10"
"2482","graph-algorithm","graph-theory","4","441"
"2483","merging","merge","2","681"
"2485","optimizing","optimization","4","102"
"2487","prime-number","primes","3","33"
"2490","file-operations","file-io","2","21"
"2492","404","http-status-code-404","0","2786"
"2497","performance-comparison","performance","4","97"
"2499","dbcp","apache-commons-dbcp","0","0"
"2500","stl-containers","stl","3","24"
"2501","access-is-denied","access-denied","0","2"
"2503","c3po","c3p0","1","16"
"2505","perl-oo","object-oriented-perl","0","0"
"2506","while-loops","while-loop","1","71"
"2510","oss","open-source","2","96"
"2511","image-resize","image-resizing","1","32"
"2520","template-function","function-templates","0","67"
"2525","random-number-generator","random","0","151"
"2526","pseudo-random-numbers","random","0","42"
"2527","random-generator","random","0","36"
"2528","random-numbers","random","0","99"
"2529","random-number","random","0","125"
"2530","rand","random","0","670"
"2531","random-alpha-generator","random","0","0"
"2532","random-string","random","0","9"
"2533","random-string-generator","random","0","4"
"2534","sql-query","sql","4","447"
"2540","visual-web-part","web-parts","0","4"
"2541","webpartzone","web-parts","0","5"
"2542","web-part","web-parts","0","11"
"2546","plt-scheme","racket","2","23"
"2547","drscheme","racket","2","16"
"2549","cpp","c++","4","7810"
"2551","cshtml","razor","2","682"
"2552","vbhtml","razor","2","20"
"2554","80x86","x86","2","16"
"2557","wildcards","wildcard","0","257"
"2558","language-independent","language-agnostic","3","14"
"2559","singleton-class","singleton","1","18"
"2560","ccrc","clearcase-remote-client","0","0"
"2562","sql-statement","sql","2","32"
"2563","ia32","x86","1","61"
"2564","logger","logging","1","694"
"2565","segfault","segmentation-fault","1","576"
"2566","void-pointer","void-pointers","0","19"
"2567","classic-asp","asp-classic","0","126"
"2568","sql-postgres","postgresql","1","18"
"2569","student-question","homework","0","19"
"2570","student","homework","0","45"
"2573","bashrc","bash","3","236"
"2574",".bashrc","bash","4","113"
"2575","ezcomponents","zeta-components","0","6"
"2576","microsoft-access","ms-access","0","92"
"2583","rssfeed","rss","1","135"
"2585","generic","generics","0","3191"
"2586","bison","yacc","1","0"
"2588","quartz-graphics","core-graphics","4","55"
"2589","google-reader-api","google-reader","0","16"
"2590","adobe-acrobat","acrobat","0","27"
"2591","bean","javabeans","1","1311"
"2592","beans","javabeans","1","420"
"2593","data-frame","dataframe","3","109"
"2594","gtk+","gtk","4","816"
"2596","standard-ml","sml","3","6"
"2606","comment","comments","3","1289"
"2610","kill-process","kill","1","0"
"2617","standard","standards","4","629"
"2619","selectbox","drop-down-menu","4","290"
"2621","jcomponents","jcomponent","0","21"
"2622","css-background-image","css","4","22"
"2624","windows-azure-tables","azure-table-storage","0","3"
"2625","mysqldb","mysql-python","0","530"
"2630","domain-specific-languages","dsl","0","2"
"2635","floats","float","0","28"
"2637","winbatch","batch-file","1","14"
"2638","dos-batch","batch-file","1","74"
"2639","bat","batch-file","1","2171"
"2640",".bat","batch-file","0","908"
"2644","wpfdatagrid","datagrid","4","690"
"2646","rtsj","real-time-java","0","0"
"2647","debugger","debugging","4","1525"
"2650","mime-content-type","mime-types","0","5"
"2654","rails3","ruby-on-rails-3","4","853"
"2657","functional","functional-programming","4","1378"
"2659",".net-framework-4.0",".net-4.0","1","29"
"2660","datatypes","types","4","581"
"2661","speed","performance","4","2528"
"2662","typesystem","type-systems","2","17"
"2666","chart","charts","0","5812"
"2667","charting","charts","0","246"
"2668","system-architecture","architecture","4","21"
"2669","application-architecture","architecture","4","30"
"2670","solution-architecture","architecture","3","11"
"2671","software-architecture","architecture","4","74"
"2672","sencha","extjs","4","3216"
"2674","webpy","web.py","0","136"
"2675","tuple","tuples","2","2745"
"2676","jsr-303","bean-validation","0","51"
"2677","pretty-printing","pretty-print","3","7"
"2681","shared-pointers","shared-ptr","4","2"
"2683","global.asax","global-asax","0","140"
"2684",".net-framework",".net","0","217"
"2685",".net-framework-3.5",".net-3.5","0","12"
"2687","mma","wolfram-mathematica","4","9"
"2689","files","file","4","9419"
"2691","scalar-udf","user-defined-functions","3","1"
"2692","table-udf","user-defined-functions","3","1"
"2693","scalar-function","user-defined-functions","1","5"
"2694","scalar-valued-functions","user-defined-functions","0","1"
"2695","table-valued-functions","user-defined-functions","0","16"
"2696","table-variables","table-variable","0","1"
"2698","ndk","android-ndk","1","2156"
"2699","asp.net-mvc-3-validation","asp.net-mvc-3","0","5"
"2700","cctray","cruisecontrol.net","2","0"
"2701","winddk","wdk","1","2"
"2702","cf.net","compact-framework","0","2"
"2703","header-file","header-files","1","29"
"2708","ugly-code","coding-style","4","2"
"2709","foldr","fold","0","61"
"2710","foldl","fold","0","37"
"2713","hashmaps","hashmap","2","107"
"2714","css-hacks","css-hack","0","3"
"2716","sound","audio","0","3962"
"2718","windows-application","windows","4","80"
"2719","object-oriented-modeling","oop","4","11"
"2720","computed-column","calculated-columns","0","16"
"2721","mongodb-csharp-driver","mongodb-.net-driver","0","3"
"2722","coffee","coffeescript","3","88"
"2723","unit-tests","unit-testing","1","42"
"2727","android-honeycomb","android-3.0-honeycomb","0","31"
"2728","inner-class","inner-classes","2","45"
"2729","clean-code","coding-style","4","126"
"2730","msie7","internet-explorer-7","0","0"
"2731",".java","java","4","305"
"2733","rad-controls","telerik","1","0"
"2734","spaghetti-code","coding-style","4","7"
"2735","java-util-logging","java.util.logging","0","8"
"2736","oo-design","oop","4","11"
"2737","as400","ibm-midrange","0","680"
"2738","ibm-i","ibm-midrange","0","19"
"2739","iseries","ibm-midrange","0","235"
"2741","calender","calendar","0","455"
"2744","importing","import","4","455"
"2746","o-notation","big-o","0","10"
"2749","immutable-class","immutability","4","33"
"2758","wrappers","wrapper","0","38"
"2759","wpf-binding","data-binding","4","38"
"2760","windows-phone-mango","windows-phone-7.1","0","27"
"2761","httpd","apache","4","1729"
"2763","extensions","extension","0","90"
"2764","magento-enterprise","magento","0","52"
"2765","faster","performance","0","218"
"2766","running-time","performance","0","50"
"2767","jabber","xmpp","3","265"
"2769","string-manipulation","string","4","372"
"2771","memory-fences","memory-barriers","4","79"
"2772","mssql-ce","sql-server-ce","0","1"
"2773","sql-ce","sql-server-ce","0","661"
"2775","google+","google-plus","0","450"
"2776","sql-ce-4","sql-server-ce-4","0","3"
"2777","value-types","value-type","0","9"
"2779","implementation-details","implementation","0","10"
"2780","reference-types","reference-type","0","5"
"2781","j2se","java","0","156"
"2783","core-java","java","4","113"
"2784","profiling-tools","profiling","1","5"
"2789","component-object-model","com","1","4"
"2791","entity-framework-ctp5","entity-framework-4.1","4","1"
"2792","wcfserviceclient","wcf-client","2","0"
"2793","apache-solr","solr","0","46"
"2794","multi-layer-perceptron","neural-network","2","90"
"2795","dot","graphviz","1","0"
"2796","play","playback","0","3741"
"2797","ddply","plyr","4","439"
"2798","where","where-clause","4","1122"
"2799","pyplot","matplotlib","4","1883"
"2803","memory-usage","memory-management","4","100"
"2804","database-queries","query","3","4"
"2805","javax.mail","jakarta-mail","4","341"
"2807","zombies","zombie-process","0","24"
"2808","redirection","http-redirect","1","1288"
"2810","speed-up","performance","4","53"
"2811","builds","build","2","54"
"2812",".net-ria-services","wcf-ria-services","1","0"
"2814","zombie","zombie-process","0","125"
"2819","prepared-statements","prepared-statement","1","39"
"2820","asp.net-website","asp.net","4","8"
"2821","razor-web-pages","razor","2","4"
"2824","factory-pattern","factory","1","0"
"2828","asp.net-razor-pages","razor","2","4"
"2832","cake","cakephp","2","385"
"2840","objc-arc","automatic-ref-counting","3","0"
"2842","apache-tiles","tiles","1","0"
"2845","window-api","winapi","1","2"
"2846","vs-extensibility","vsx","0","0"
"2847","textmatebundles","textmate","1","0"
"2848","eigenvector","eigenvalue","1","0"
"2850","xml-parser","xml-parsing","0","16"
"2853","compress","compression","4","713"
"2854","auth","authentication","3","2547"
"2855","iphone-programming","iphone","4","10"
"2856","gorm","grails-orm","0","185"
"2857","grails-hasmany","grails-orm","0","21"
"2858","ror","ruby-on-rails","4","902"
"2859","switch","switch-statement","3","4757"
"2860","switch-case","switch-statement","4","202"
"2861","nesting","nested","4","329"
"2869","gtest","googletest","0","416"
"2870","efficiency","performance","4","927"
"2873","msi","windows-installer","4","2298"
"2874","python-subprocess-module","subprocess","4","322"
"2878","undefined-behaviour","undefined-behavior","2","19"
"2879","xdocument","linq-to-xml","3","681"
"2881",".net-generics","generics","4","13"
"2882","diffiehellman","diffie-hellman","0","7"
"2883",".cshtml","razor","0","36"
"2884","c++0x","c++11","4","718"
"2885","wri-mathematica","wolfram-mathematica","4","0"
"2886","bigmemory","ehcache-bigmemory","0","31"
"2891","il","cil","4","81"
"2892","json-parsing","json","4","818"
"2893","tsvn","tortoisesvn","2","4"
"2894","softkeyboard","android-softkeyboard","0","168"
"2896","ext","extjs","0","336"
"2897","model-view-presenter","mvp","0","10"
"2899","if-else-statement","if-statement","0","49"
"2900","if-then-else","if-statement","0","33"
"2901","textboxes","textbox","2","119"
"2904","uml-modeling","uml","2","242"
"2906","registers","cpu-registers","0","291"
"2907","output-file","file-io","4","43"
"2910","mac","macos","0","17881"
"2911","servletcontext","servlets","1","64"
"2912","coding-guidelines","coding-style","4","12"
"2914","cached","caching","2","86"
"2915","validators","validation","4","115"
"2918","sql-syntax","sql","4","89"
"2920","3d-graphics","3d","3","29"
"2921","compiling","compilation","0","908"
"2922","compile","compilation","0","4245"
"2924","async-ctp","async-await","4","16"
"2925","await","async-await","4","1301"
"2931","mini-profiler","mvc-mini-profiler","0","18"
"2933",".deb","deb","0","23"
"2938","getters-setters","getter-setter","0","3"
"2939","magical-getters-setters","getter-setter","0","0"
"2940","getters","getter","0","197"
"2941","setters","setter","0","171"
"2942","simple-build-tool","sbt","4","2"
"2943","tortoise","tortoisesvn","0","232"
"2944","wcf-service","wcf","3","253"
"2945","pretty-url","friendly-url","0","8"
"2947","html-helpers","html-helper","0","7"
"2953","amd64","x86-64","2","115"
"2954","magento-extension","magento","0","52"
"2955","magento-theming","magento","0","10"
"2957","visual-c#","c#","0","115"
"2958","assignment","variable-assignment","0","1569"
"2959","dte","envdte","0","44"
"2962","poi","apache-poi","0","1741"
"2965","lexical-analyzer","lexical-analysis","0","10"
"2966","lexical-analyser","lexical-analysis","0","1"
"2969","livecycle-data-services","lcds","0","0"
"2970","vectorize","vectorization","1","169"
"2971","vectorizing","vectorization","1","21"
"2972","ria-services","wcf-ria-services","2","97"
"2974","compiler-compiler","parser-generator","1","0"
"2976","str","string","4","920"
"2978","array-of-objects","arrays","4","46"
"2979","school","homework","0","32"
"2981","clj","clojure","4","9"
"2982","integration-services","ssis","2","30"
"2983","log","logging","1","4456"
"2984","logs","logging","1","1407"
"2985","descriptors","descriptor","0","84"
"2986","windows-8-preview","windows-8","1","4"
"2988","asmack","smack","1","0"
"2989","streaming","video-streaming","0","0"
"2990","xlinq","linq-to-xml","3","3"
"2993","google-apis","google-api","0","41"
"2994","google-mail","gmail","0","12"
"2995","end-of-file","eof","0","12"
"2998","sql-join","join","3","50"
"3000","shaders","shader","2","450"
"3001","ios-5.0","ios5","1","0"
"3002","type-classes","typeclass","2","9"
"3004","msrs","reporting-services","4","1"
"3005","xcode-ide","xcode","4","3"
"3006","frp","reactive-programming","0","0"
"3007","custom-macros","macros","4","4"
"3010","jetty-maven-plugin","maven-jetty-plugin","0","16"
"3011","osx-10.7","osx-lion","0","0"
"3013","macosx-10.5","osx-leopard","0","2"
"3014","leopard","osx-leopard","0","11"
"3015","osx-10.6","osx-snow-leopard","0","1"
"3017","lion","osx-lion","0","219"
"3018","bsd-sockets","sockets","4","69"
"3020","ergonomic","ergonomics","0","3"
"3021","ergonomy","ergonomics","0","1"
"3025","asio","boost-asio","1","0"
"3026","iphone-simulator","ios-simulator","0","15"
"3027","ipad-simulator","ios-simulator","0","0"
"3028","softlink","symlink","0","25"
"3032","for-in","for-in-loop","0","20"
"3033","crashes","crash","1","251"
"3035","system-call","system-calls","0","58"
"3036","syscall","system-calls","4","244"
"3037","excel-xll","xll","0","1"
"3038","assembler","assembly","4","1405"
"3039","lucene-index","lucene","4","129"
"3040","monotouch-dialog","monotouch.dialog","0","0"
"3043","property","properties","3","2865"
"3052","machine.specifications","mspec","0","1"
"3054","android-apk","apk","1","18"
"3055","drupal-module","drupal-modules","0","9"
"3056","windows-script-host","wsh","0","2"
"3059","urlrewrite","url-rewriting","0","153"
"3060","ms-jscript","jscript","0","3"
"3062","employment","stuck-tag-newbie-career-development","0","4"
"3063","job-hunting","stuck-tag-newbie-career-development","0","2"
"3071","customcomponents","custom-component","0","0"
"3075","windows-registry","registry","3","23"
"3076","visual-studio-extensions","vspackage","0","0"
"3078","if-else","if-statement","3","555"
"3080","vbproj","vb.net","3","11"
"3081","signal","signals","1","2175"
"3083","shm","shared-memory","0","43"
"3084","cf9","coldfusion-9","0","12"
"3085","jme","java-me","0","31"
"3086","tls","ssl","4","3916"
"3087","stylesheets","stylesheet","0","124"
"3088","huffman-encoding","huffman-code","1","5"
"3089","magento-catalog","magento","0","184"
"3090","php-oop","php","2","47"
"3091","buffers","buffer","1","151"
"3094","express.js","express","4","1764"
"3095","expressjs","express","4","2401"
"3097","webcontrol","web-controls","0","62"
"3099","mercurial-subrepos","subrepos","0","0"
"3102","cross-origin","cross-domain","0","231"
"3103","subselect","subquery","4","55"
"3104","server-client","client-server","1","103"
"3105","active-directory-group","active-directory","3","53"
"3106","wtk","java-wireless-toolkit","0","45"
"3107","structs","struct","2","808"
"3108","texture","textures","1","1495"
"3109","scriptsharp","script#","0","7"
"3110","post-commit","post-commit-hook","1","0"
"3111","app-pool","application-pool","0","4"
"3112","sql-match-all","relational-division","3","0"
"3114","table-design","database-design","4","55"
"3115","database-modeling","database-design","4","100"
"3117","google-accounts","google-account","0","5"
"3118","instantiate","instantiation","1","265"
"3119","constraint","constraints","1","1081"
"3120","msdeploy","webdeploy","3","30"
"3122","asynctask","android-asynctask","0","1564"
"3123","interceptors","interceptor","0","117"
"3125","spel","spring-el","0","102"
"3126","idiom","idioms","0","28"
"3134","eventlog","event-log","0","149"
"3135","windows-event-log","event-log","0","17"
"3137","css-attributes","css","0","4"
"3138","orient-db","orientdb","0","174"
"3139","rewrite-url","url-rewriting","1","13"
"3140","reports","report","0","1483"
"3142","zend","zend-framework","0","3780"
"3143","browser-compatibility","cross-browser","4","606"
"3144","parallel","parallel-processing","2","3589"
"3146","intent","android-intent","0","5172"
"3147","autowire","autowired","0","179"
"3148","memory-allocation","memory-management","4","2650"
"3151","lesscss","less","1","54"
"3152","orchard","orchardcms","2","453"
"3155","es5","ecmascript-5","3","141"
"3156","sl4j","slf4j","0","31"
"3157","rewrite","url-rewriting","4","3166"
"3159","d3","d3.js","3","4364"
"3160","azure-storage-tables","azure-table-storage","0","70"
"3161","cloud-hosting","cloud","2","29"
"3162","conflicts","conflict","0","99"
"3163","validate","validation","1","1549"
"3164","code-optimization","optimization","4","29"
"3166","data-clustering","cluster-analysis","0","12"
"3167","clustering","cluster-analysis","0","2515"
"3169","generic-handler","ashx","0","0"
"3170","fts","full-text-search","1","73"
"3172","xsltprocessor","xslt","0","18"
"3173","xsltproc","xslt","0","49"
"3174","xslt-2.0-processors","xslt","0","0"
"3176","filetypes","file-type","0","22"
"3177","integers","integer","1","849"
"3179","wtp","eclipse-wtp","0","42"
"3180","fluent-api","fluent-interface","0","44"
"3181","parallelization","parallel-processing","3","119"
"3182","parallelism","parallel-processing","3","230"
"3183","parallel-computing","parallel-processing","3","57"
"3184","dtsx","ssis","4","108"
"3185","a4j","ajax4jsf","0","43"
"3189","assets-pipeline","asset-pipeline","0","13"
"3191","class-loading","classloader","0","227"
"3192","xmlhttp","xmlhttprequest","4","141"
"3193","acoustic-echo-cancellatio","aec","0","0"
"3195","gdiplus","gdi+","0","62"
"3196","datatemplates","datatemplate","0","11"
"3197","devfabric","azure-compute-emulator","0","0"
"3198","task-scheduler","scheduled-tasks","0","61"
"3199","task-scheduling","scheduled-tasks","0","20"
"3200","crawler","web-crawler","4","850"
"3204","bst","binary-search-tree","0","705"
"3206","style","styles","0","4854"
"3207","forward-declarations","forward-declaration","0","2"
"3208","msvs","visual-studio","4","91"
"3211","crlf","newline","2","111"
"3212","systems","system","1","253"
"3213","interval","intervals","0","1096"
"3214","mocking-framework","mocking","1","0"
"3215","iis7httpmodule","httpmodule","0","1"
"3217","windows-phone-7.5","windows-phone-7","4","818"
"3221","mdb","ms-access","0","445"
"3223","concurency","concurrency","0","57"
"3224","spec-sharp","spec#","0","0"
"3225","wcf-extensibility","wcf-extensions","0","0"
"3226","appcelerator-mobile","titanium-mobile","2","0"
"3229","at","at-command","0","334"
"3230","ax","axapta","4","248"
"3232","queries","query","0","137"
"3234","roslyn-ctp","roslyn","4","46"
"3235","navigationcontroller","uinavigationcontroller","3","23"
"3239","jboss-as-7","jboss7.x","0","9"
"3240","compositewpf","prism","0","0"
"3241","borders","border","0","259"
"3243","returns","returning","0","39"
"3244","logon","authentication","0","202"
"3247","metro-style-app","microsoft-metro","0","21"
"3248","ordered-list","html-lists","0","25"
"3253","android-api","android","4","210"
"3254","django-widgets","django-widget","0","5"
"3255","wolfram","wolfram-mathematica","4","109"
"3256","c2dm","android-c2dm","0","75"
"3257","unordered-list","html-lists","0","19"
"3258","embedded-systems","embedded","0","46"
"3259","fluent-nhibernate-mapping","fluent-nhibernate","0","0"
"3260","css3-transitions","css-transitions","0","7"
"3261","django-auth","django-authentication","0","28"
"3263","ul","html-lists","0","1069"
"3264","li","html-lists","0","1240"
"3265","ol","html-lists","0","166"
"3269","jquery-tablesorter","tablesorter","0","298"
"3270","yml","yaml","4","576"
"3271","cuda-kernel","cuda","3","183"
"3275","nulls","null","0","53"
"3276","nullvalue","null","0","48"
"3277","dates","date","4","2154"
"3280","gnumakefile","gnu-make","0","13"
"3282","webworkers","web-worker","0","42"
"3284","graphics-card","video-card","0","9"
"3287","htmlparser","html-parsing","0","67"
"3288","fulltext","full-text-search","4","243"
"3290","masterpage","master-pages","0","201"
"3291","postbacks","postback","0","4"
"3294","winservice","windows-services","1","11"
"3297","modal-view-controller","modalviewcontroller","0","2"
"3298","ming-library","libming","0","0"
"3299","image-uploading","file-upload","4","1270"
"3300","pgadminiii","pgadmin","2","0"
"3301","database-architecture","database-design","3","11"
"3304","cloudfront","amazon-cloudfront","0","600"
"3306","ssrs-reports","reporting-services","4","1963"
"3307","characters","character","0","1470"
"3308","swtoolkit","swt","0","0"
"3310","user-control","user-controls","0","90"
"3311","functors","functor","0","48"
"3312","tokens","token","0","392"
"3313","tokenizing","tokenize","0","44"
"3314","tokenizer","tokenize","0","266"
"3315","tokenization","tokenize","0","114"
"3317","abstract-classes","abstract-class","0","5"
"3318","accessors","accessor","0","58"
"3320","active-patterns","active-pattern","0","0"
"3321","actors","actor","0","170"
"3322","allocations","allocation","0","12"
"3323","binary-search-trees","binary-search-tree","0","5"
"3324","bit-operations","bitwise-operators","0","3"
"3327","float-css","css-float","0","1"
"3328","cudamalloc","cuda","4","61"
"3330","long","long-integer","0","1361"
"3331","code-first-migrations","entity-framework-migrations","4","1088"
"3332","pattern","design-patterns","0","4839"
"3336","classic-javascript","javascript","4","0"
"3337","wixlib","wix","-1","0"
"3338","msiexec","windows-installer","2","10"
"3341","ms","microsoft","0","897"
"3343","backbone","backbone.js","3","2432"
"3344","lein","leiningen","0","107"
"3346","sql-management-studio","ssms","1","9"
"3347",".getjson","getjson","0","36"
"3348","scrolling","scroll","4","1156"
"3349","cocos2d","cocos2d-iphone","4","2263"
"3351","mkmapkit","mapkit","0","204"
"3352","idempotence","idempotent","0","2"
"3353","idempotency","idempotent","0","8"
"3356","ssis-data-transformations","ssis","4","98"
"3365","android-device","android","4","61"
"3368","jquery-validation-plugin","jquery-validate","4","7"
"3369","fk-relationship","foreign-keys","0","0"
"3370","css-classes","css","4","104"
"3371","autocompleter","autocomplete","2","12"
"3373","css-height","css","4","27"
"3376","liftweb","lift","1","32"
"3377","playframework-2.x","playframework-2.0","3","196"
"3380","sdl-tridion","tridion","4","119"
"3381","accdb","ms-access","2","90"
"3382","css-expression","css-expressions","0","0"
"3383","assembly-language","assembly","4","116"
"3384","accents","diacritics","0","133"
"3385","sqlldr","sql-loader","0","100"
"3391","lastfm","last.fm","0","35"
"3392","umlauts","diacritics","0","77"
"3393","databind","data-binding","0","139"
"3395","fusion-tables","google-fusion-tables","0","31"
"3399","so","shared-libraries","4","148"
"3400","bar-graph","bar-chart","0","26"
"3402","expando","expandoobject","-1","0"
"3411","align","alignment","0","1670"
"3412","vertical-align","vertical-alignment","0","133"
"3415","design-pattern","design-patterns","0","203"
"3418","sharedobject","shared-objects","0","41"
"3422","static-method","static-methods","2","22"
"3423","inline-function","inline-functions","0","7"
"3424","eav","entity-attribute-value","0","83"
"3425","backbonejs","backbone.js","0","172"
"3427","content-script","userscripts","1","0"
"3428","pen-testing","penetration-testing","0","5"
"3429","knockoutjs","knockout.js","0","473"
"3430","knockoutjs2","knockout-2.0","0","0"
"3431","knockoutjs-mapping-plugin","knockout-mapping-plugin","0","2"
"3433","qtip-2.0","qtip2","0","0"
"3440","operator-new","new-operator","0","10"
"3441","9patch","nine-patch","0","45"
"3445","valueinjector","valueinjecter","0","5"
"3447","rvo","return-value-optimization","4","19"
"3449","windows-sdk","winapi","4","132"
"3452","ie10","internet-explorer-10","0","465"
"3455","strongly-typed","strong-typing","0","13"
"3457","dropdownlist","drop-down-menu","0","1706"
"3458","ios5-sdk","ios5","4","37"
"3459","authenticate","authentication","0","251"
"3463","aosp","android-source","0","963"
"3464","egrep","grep","4","265"
"3467","yii-mvc","yii","4","525"
"3468","linq2twitter","linq-to-twitter","0","8"
"3469","nested-classes","inner-classes","4","8"
"3470","nested-class","inner-classes","4","380"
"3472","wol","wake-on-lan","0","46"
"3473","bool","boolean","0","829"
"3476","visual-studio-11","visual-studio-2012","-1","52"
"3477","ember","ember.js","0","1746"
"3482","vs11","visual-studio-2012","0","4"
"3483","vs2011","visual-studio-2012","0","1"
"3484","vs2012","visual-studio-2012","0","792"
"3485","terminals","terminal","0","20"
"3487","wix3","wix3.5","0","0"
"3488","stdlib","std","0","318"
"3492","sitemaps","sitemap","0","19"
"3498","htdigest",".htpasswd","0","0"
"3499","htpasswd",".htpasswd","0","128"
"3500","media-query","media-queries","0","65"
"3501","anchor-tag","anchor","2","2"
"3503","microsoft-surface","pixelsense","0","27"
"3504","metro-framework","java-metro-framework","0","11"
"3505","metro-ui","microsoft-metro","0","17"
"3506","metro","microsoft-metro","0","881"
"3507","uniqueness","unique","0","36"
"3509","repository-pattern","repository","0","0"
"3510","repositories","repository","3","104"
"3512","customize","customization","0","511"
"3513","customized","customization","0","111"
"3515","facebook-iphone-sdk","facebook-ios-sdk","0","0"
"3518","domino","lotus-domino","0","344"
"3519","column","columns","0","88"
"3520","asp.net-webforms","webforms","4","266"
"3521","cursoradapter","android-cursoradapter","0","113"
"3522","cursorloader","android-cursorloader","0","77"
"3523","scikits-learn","scikit-learn","0","3"
"3524","text-file","text-files","1","191"
"3525","vimrc","vim","4","1295"
"3526","razor-grid","webgrid","0","0"
"3527","html-dom","dom","4","105"
"3528","viewpager","android-viewpager","0","2512"
"3529","linearlayout","android-linearlayout","0","603"
"3530","contentresolver","android-contentresolver","0","91"
"3531","arrayadapter","android-arrayadapter","0","494"
"3532","fragmentactivity","android-fragmentactivity","0","95"
"3533","tabhost","android-tabhost","0","344"
"3534","actionbar","android-actionbar","0","1711"
"3535","webnoir","noir","0","1"
"3536","asp-mvc","asp.net-mvc","4","69"
"3538","argument","arguments","0","1580"
"3539","simplexmlelement","simplexml","4","38"
"3541","knockout","knockout.js","0","1437"
"3542","underscore","underscore.js","0","777"
"3546","cluster","cluster-computing","0","3625"
"3547","clusters","cluster-computing","0","130"
"3548","double-precision","precision","4","406"
"3549","floating-point-precision","precision","4","1338"
"3550","numeric-precision","precision","4","8"
"3551","finite-precision","precision","4","0"
"3553","cross-threading","multithreading","4","121"
"3559","pylab","matplotlib","4","629"
"3560","pythonic","python","4","212"
"3562","boost.build","boost-build","0","0"
"3563","boost-jam","bjam","1","0"
"3564","comma-separated","csv","4","53"
"3565","associative-arrays","associative-array","1","6"
"3567","shellexecute","shell-exec","1","0"
"3569","unix-utils","unix","3","61"
"3570","batch","batch-file","4","15899"
"3571","batch-script","batch-file","4","536"
"3572","seo-friendly","seo","4","82"
"3574","resizing","resize","0","439"
"3575","gmock","googlemock","0","19"
"3577","cms","content-management-system","0","3658"
"3578","neural-network-tuning","neural-network","4","61"
"3579","google-picasa","picasa","0","1"
"3580","drracket","racket","4","443"
"3581","financial","finance","3","436"
"3582","stocks","stock","0","584"
"3584","zmq","zeromq","1","352"
"3588","drop-down","drop-down-menu","0","344"
"3592","modelling","modeling","0","342"
"3594","wx","wxwidgets","4","117"
"3596","libnds","devkitpro","0","0"
"3597","south","django-south","0","184"
"3600","vb","vb.net","0","10304"
"3603","chicken","chicken-scheme","0","27"
"3604","saving","save","0","966"
"3610","bot","bots","0","7188"
"3611","rotating","rotation","0","127"
"3612","rotate","rotation","0","1731"
"3614","line-break","line-breaks","0","73"
"3617","corner","corners","0","71"
"3618","svcutil","svcutil.exe","0","45"
"3619","facebook-jssdk","facebook-javascript-sdk","0","3"
"3620","imports","import","1","287"
"3621","fileuploader","file-upload","0","38"
"3624","html-entity","html-entities","0","3"
"3627","arc","automatic-ref-counting","0","930"
"3628","repl","read-eval-print-loop","0","448"
"3632","widgets","widget","0","848"
"3633","tasks","task","0","709"
"3635","keywords","keyword","0","437"
"3636","file-protocol","file-uri","0","8"
"3637","animate","jquery-animate","0","2155"
"3639","emberjs","ember.js","0","807"
"3640","xna4.0","xna-4.0","0","22"
"3641","prismv4","prism-4","0","0"
"3642","prismv2","prism-2","0","0"
"3644","google-drive","google-drive-api","4","1386"
"3645","spellcheck","spell-checking","0","116"
"3646","mongo-java","mongodb-java","0","0"
"3648","unmarshall","unmarshalling","0","42"
"3649","dba","database-administration","0","454"
"3650","gem-bundler","bundler","4","21"
"3652","nsfetchedresultcontroller","nsfetchedresultscontroller","1","4"
"3653","gui","user-interface","4","21390"
"3654","b+-tree","b-tree","0","4"
"3656","domain","dns","0","5659"
"3657","keys","key","0","1283"
"3658","dag","directed-acyclic-graphs","0","356"
"3660","kalman","kalman-filter","0","177"
"3662","variable-scope","scope","4","248"
"3663","rtc","rational-team-concert","0","145"
"3665","nintendo-ds","devkitpro","0","0"
"3666","wii","devkitpro","0","0"
"3667","palib","devkitpro","0","0"
"3669","fileinput","file-io","4","274"
"3671","mongod","mongodb","4","252"
"3672","curly-brackets","curly-braces","3","130"
"3673","hashing","hash","0","777"
"3675","language-processing","nlp","4","19"
"3677","sorting-algorithm","sorting","4","250"
"3681","persian","farsi","0","294"
"3682","sql-select","sql","4","107"
"3684","iterate","loops","4","2216"
"3685","smooth-numbers","hamming-numbers","1","0"
"3688","n-tier","n-tier-architecture","1","5"
"3690","array-sorting","sorting","4","295"
"3691","index","indexing","4","9983"
"3692","indexes","indexing","4","378"
"3693","maproute","asp.net-mvc-routing","0","0"
"3695","mpmovieplayer","mpmovieplayercontroller","1","0"
"3702","webfonts","font-face","1","0"
"3703","ios5-compatibility","ios5","2","10"
"3705","name-clash","name-conflict","0","0"
"3707","loadtest","load-testing","1","104"
"3709","polymorphic","polymorphism","4","189"
"3710","f#-interactive","fsi","0","0"
"3711","traverse","traversal","0","165"
"3713","ios4.1","ios4","0","0"
"3714","ios4.3","ios4","0","36"
"3715","ios4.0.1","ios4","0","1"
"3718","data-url","data-uri","3","89"
"3719","checkboxes","checkbox","4","766"
"3720","sql2008r2","sql-server-2008-r2","2","17"
"3721","polyfills","shim","0","0"
"3725","java1.5","java-5","1","6"
"3726","java1.6","java-6","1","13"
"3730","applicative-functor","applicative","4","28"
"3731","f#-scripting","fsi","0","0"
"3733","static-member","static-members","0","6"
"3734","database-link","dblink","1","0"
"3735","kendo","kendo-ui","0","3635"
"3736","python-pil","python-imaging-library","0","6"
"3740","winrt","windows-runtime","0","1559"
"3742","singlepage","single-page-application","1","21"
"3744","identifiers","identifier","-1","6"
"3745","zc.buildout","buildout","2","0"
"3749","requests","python-requests","2","5038"
"3751","h5bp","html5boilerplate","0","1"
"3752","css-keyframes","css-animations","3","5"
"3753","magento-upgrade","magento","4","28"
"3754","breezejs","breeze","4","151"
"3755","breeze.js","breeze","4","62"
"3757","php-date","php","0","12"
"3759","magento-admin","magento","4","793"
"3763","reusable-code","code-reuse","0","3"
"3764","reuse","reusability","0","217"
"3766","clojure.core.logic","clojure-core.logic","0","0"
"3767","flow3","typo3-flow","0","2"
"3770","marionettejs","marionette","2","0"
"3774","uitable","uitableview","4","94"
"3776","xamarin.mac","monomac","0","0"
"3778","formbuilder","oracleforms","0","0"
"3781","actionfilterattribute","action-filter","0","0"
"3785","permanent-generation","permgen","2","0"
"3787","facebook-wall","facebook-timeline","0","0"
"3788","vs-macros","visual-studio-macros","0","1"
"3790","etree","elementtree","0","167"
"3791","push-notifications","push-notification","0","203"
"3792","php5","php","0","1158"
"3793","django-tastypie","tastypie","4","175"
"3794","harddisk","hard-drive","0","96"
"3797","apache-hadoop","hadoop","4","17"
"3798","xml-schema","xsd","-1","184"
"3799","character-reference","html-entities","2","0"
"3800","speech-to-text","speech-recognition","2","0"
"3801","itextpdf","itext","4","839"
"3802","ical","icalendar","0","299"
"3803","in-the-wild","production","0","0"
"3810","impersonate","impersonation","0","52"
"3811","crawl","web-crawler","3","370"
"3812","crawling","web-crawler","3","560"
"3813","php-frameworks","php","4","232"
"3815","japplet","applet","3","8"
"3816","google-experiments","google-website-optimizer","0","0"
"3818","workspaces","workspace","0","57"
"3819","tfs-service","azure-devops","0","2"
"3820","jpg","jpeg","0","883"
"3822","bitwise","bit-manipulation","4","1178"
"3823","bit-twiddling","bit-manipulation","4","18"
"3824","grunt","gruntjs","4","4036"
"3825","emf","eclipse-emf","1","74"
"3829","urlpatterns","url-pattern","0","19"
"3830","storing","storage","0","254"
"3831","hiveql","hive","4","265"
"3833","xhtmlrenderer","flying-saucer","0","0"
"3835","spring-data-mongodb","spring-data-document","0","0"
"3837","web-security","security","4","1786"
"3838","newtonsoft","json.net","4","952"
"3839","voice-recognition","speech-recognition","2","0"
"3840","attachments","attachment","0","375"
"3841","lighthttpd","lighttpd","0","13"
"3842","facebook-canvas","facebook-apps","0","0"
"3843","facebook-iframe","facebook-apps","0","0"
"3846","blend","expression-blend","1","0"
"3849","xml-transform","xslt","4","46"
"3852","velocity","appfabric-cache","0","0"
"3853","nettiers",".nettiers","0","5"
"3854","uistoryboard","storyboard","4","175"
"3855","xcode-storyboard","storyboard","2","0"
"3856","arrayindexoutofbounds","indexoutofboundsexception","0","306"
"3857","breakpoint","breakpoints","0","449"
"3858","short-message-service","sms","0","0"
"3861","performancecounters","performancecounter","0","21"
"3862","queryperformancecounter","performancecounter","0","26"
"3863","performance-test","performance-testing","0","13"
"3864","web-performance-test","performance-testing","0","91"
"3865","android-performance","performance","0","192"
"3866","javascript-performance","performance","0","91"
"3867","jquery-performance","performance","0","30"
"3868","linq-performance","performance","0","8"
"3869","wcf-performance","performance","0","8"
"3870","application-performance","performance","0","8"
"3871","restarting","restart","0","39"
"3872","enhanced-for-loop","foreach","0","67"
"3874","er","entity-relationship","0","156"
"3875","xcode4.5","xcode4","-1","8"
"3877","aspdotnet","asp.net","0","18"
"3879","processid","pid","4","21"
"3880","quit","exit","4","199"
"3881","c-string","c-strings","4","38"
"3882","inter-process-communicat","ipc","4","430"
"3884","stm","transactional-memory","0","0"
"3885","variable-naming","naming-conventions","4","10"
"3886","derived-instances","deriving","1","0"
"3889","omp","openmp","4","106"
"3890","google-places","google-places-api","3","83"
"3891","wams","azure-mobile-services","4","3"
"3892","m2e","m2eclipse","2","97"
"3893","else","if-statement","4","3311"
"3894","exec-bad-access","exc-bad-access","3","13"
"3896","css-clear","css-float","0","5"
"3897","browser-caching","browser-cache","0","5"
"3898","mysql-server","mysql","4","150"
"3901","tuning","performance","4","367"
"3903","recommendation","recommendation-engine","0","276"
"3906","canonical","canonical-link","0","226"
"3908","monotouch","xamarin.ios","4","981"
"3909","monodroid","xamarin.android","4","526"
"3910","xamarin.studio","monodevelop","3","1"
"3911","ubuntu-lucid","ubuntu-10.04","0","0"
"3912","ubuntu-precise","ubuntu-12.04","0","0"
"3915","l2e","linq-to-entities","0","0"
"3918","php-yii","yii","2","5"
"3919","pom","pom.xml","0","784"
"3920","hypertext-preprocessor","php","4","0"
"3921","cf","cfml","0","151"
"3922","cfscript","cfml","0","73"
"3923","ios-standalone-mode","iphone-standalone-web-app","0","0"
"3925","html-tag","html","1","100"
"3926","td","html-table","0","565"
"3927","rowspan","html-table","0","229"
"3928","colspan","html-table","0","188"
"3929","system.web.optimization","asp.net-optimization","0","0"
"3931","workbook","excel","4","750"
"3932","emmett","emmet","0","2"
"3933","zencoding","emmet","0","3"
"3934","zen-coding","emmet","0","43"
"3935","blocks","block","0","533"
"3936","usbdevice","usb","0","48"
"3937","css-columns","css","2","34"
"3939","dbquery","query","4","8"
"3944","datepicker-ui","datepicker","0","5"
"3945","charset-table","character-encoding","0","23"
"3946","scss","sass","0","6883"
"3947","css2","css","0","51"
"3948","disassembler","disassembly","1","18"
"3949","disassembling","disassembly","1","5"
"3950","decompiler","decompiling","1","0"
"3951","control","controls","1","934"
"3952","search-and-replace","replace","4","142"
"3955","bom","byte-order-mark","0","203"
"3957","string-replacement","replace","4","107"
"3958","zend-engine","php-internals","1","9"
"3959","php-references","reference","0","8"
"3960","references","reference","0","750"
"3961","php.ini","php","0","495"
"3962","php-modules","php-extension","0","0"
"3963","iphone-ios","iphone","0","3"
"3964","find-and-replace","replace","4","499"
"3965","replacement","replace","3","451"
"3966","text-replacement","replace","4","23"
"3967","python-interpreter","python","4","53"
"3968","ror3","ruby-on-rails-3","4","0"
"3969","flickr-api","flickr","0","5"
"3970","decrypt","encryption","4","1569"
"3971","adf","oracle-adf","2","226"
"3972","comprehension","list-comprehension","0","407"
"3973","img","image","4","2987"
"3974","argument-passing","parameter-passing","4","871"
"3976","conditional","conditional-statements","4","4316"
"3980","spec","specifications","1","213"
"3981","specification","specifications","1","196"
"3983","hexadecimal-notation","hex","4","12"
"3984","maximum","max","3","700"
"3985","drools-planner","optaplanner","0","37"
"3986","jqm","jquery-mobile","4","187"
"3987","dynamic-allocation","dynamic-memory-allocation","4","386"
"3988","ggplot","ggplot2","0","5397"
"3989","qplot","ggplot2","0","135"
"3992","bitwise-shift","bit-shift","0","0"
"3993","testacular","karma-runner","0","88"
"3994","like-operator","sql-like","2","119"
"3996","expressions","expression","2","617"
"3997","android-logcat","logcat","1","450"
"3998","statistical-analysis","statistics","4","160"
"3999","idle","python-idle","0","797"
"4001","dictionaries","dictionary","4","1125"
"4002","css-inheritance","css","0","10"
"4004","android-debug-bridge","adb","0","4"
"4009","google-storage","google-cloud-storage","4","39"
"4013","bash-alias","bash","4","7"
"4014","google-refine","openrefine","2","13"
"4016","gquery","gwtquery","0","0"
"4017","oxygene","delphi-prism","0","0"
"4018","user-authentication","authentication","4","38"
"4019","client-authentication","authentication","4","23"
"4020","automated-testing","automated-tests","0","42"
"4021","dll-hell","dll","0","62"
"4022","generic-class","generics","4","32"
"4026","dds","data-distribution-service","2","48"
"4027","pgrep","grep","4","39"
"4028","idle-ide","python-idle","0","1"
"4030","known-type","known-types","0","0"
"4031","linq-expressions","expression-trees","-1","0"
"4032","auto-properties","automatic-properties","0","2"
"4034","apns","apple-push-notifications","0","510"
"4035","roasal","roassal","0","0"
"4041","phusion","passenger","2","0"
"4044","iphone-provisioning","ios-provisioning","0","0"
"4047","google-scripts","google-apps-script","4","30"
"4048","stringgrid","tstringgrid","0","0"
"4052","tmemo","memo","0","0"
"4055","tpagecontrol","pagecontrol","0","0"
"4061","form-validation","validation","1","2110"
"4062","input-validation","validation","1","722"
"4064","charting-controls","charts","0","27"
"4067","cs5","flash-cs5","0","63"
"4068","adobe-flash-cs5","flash-cs5","0","5"
"4074","pendingintent","android-pendingintent","0","150"
"4076","android-maps-v2","google-maps-android-api-2","3","16"
"4077","marker","google-maps-markers","0","168"
"4078","markers","google-maps-markers","0","134"
"4082","jquery-datepicker","jquery-ui-datepicker","0","180"
"4083","tfs-api","tfs-sdk","0","108"
"4084","matlab-standalone","matlab-compiler","0","11"
"4089","ie8-developer-tools","ie-developer-tools","0","1"
"4090","ie9-developer-tools","ie-developer-tools","0","0"
"4091","reporting-services-2012","ssrs-2012","4","0"
"4092","airplay","marmalade","0","0"
"4094","vc","visual-c++","4","110"
"4095","aria","wai-aria","0","188"
"4096","sounds","audio","4","140"
"4098","dataframes","dataframe","4","990"
"4099","ordereddict","ordereddictionary","0","0"
"4100","if-then","if-statement","4","58"
"4102","virtualtreeview","tvirtualstringtree","1","0"
"4103","slowness","performance","0","90"
"4104","audiomanager","android-audiomanager","0","52"
"4105","tchart","teechart","4","35"
"4106","struts2-jquery-plugin","struts2-jquery","0","0"
"4112","composer","composer-php","1","4609"
"4113","autoloader","autoload","0","130"
"4114","rvm","rvmrc","0","0"
"4115","movie","video","4","202"
"4116","movies","video","4","87"
"4117","mcc","matlab-compiler","2","0"
"4118","adobe-dreamweaver","dreamweaver","0","2"
"4119","points","point","0","74"
"4122","regex-php","regex","4","14"
"4123","perl-regex","regex","4","38"
"4124","forking","fork","4","84"
"4125","vkontakte","vk","0","27"
"4128","inverse-matrix","matrix-inverse","4","0"
"4129","multiselectlist","multi-select","0","37"
"4130","sap-crystal-reports","crystal-reports","4","4"
"4131","initialization-list","ctor-initializer","-1","8"
"4132","vm","virtual-machine","0","1779"
"4134","multidimensional","multidimensional-array","1","966"
"4138","ng-repeat","angularjs-ng-repeat","4","688"
"4141","jdk1.6","java-6","-1","1"
"4142","jdk1.5","java-5","0","1"
"4146","android-market","google-play","0","107"
"4147","absolute-positioning","css-position","0","9"
"4148","relative-positioning","css-position","0","5"
"4149","position-fixed","css-position","0","35"
"4150","adobe-flex-4","flex4","0","0"
"4151","html-option","html-select","0","21"
"4152","gwtp","gwt-platform","0","8"
"4153","ics","icalendar","0","436"
"4154","cupcake","android-1.5-cupcake","0","1"
"4155","android-donut","android-1.6-donut","0","0"
"4156","ice-cream-sandwich","android-4.0-ice-cream-sandwich","0","2"
"4157","jelly-bean","android-4.2-jelly-bean","0","9"
"4158","froyo","android-2.2-froyo","0","10"
"4159","android-froyo","android-2.2-froyo","0","1"
"4160","android-cupcake","android-1.5-cupcake","0","0"
"4161","android-jelly-bean","android-4.2-jelly-bean","0","2"
"4162","android-ics","android-4.0-ice-cream-sandwich","0","0"
"4163","gingerbread","android-2.3-gingerbread","0","57"
"4164","android-gingerbread","android-2.3-gingerbread","0","2"
"4165","honeycomb","android-3.0-honeycomb","0","31"
"4166","android-eclair","android-2.0-eclair","0","0"
"4167","netmf",".net-micro-framework","0","19"
"4168","ifelse","if-statement","4","1098"
"4170","uipangesturerecognizer","uigesturerecognizer","-1","0"
"4171","uipinchgesturerecognizer","uigesturerecognizer","-1","0"
"4172","uitapgesturerecognizer","uigesturerecognizer","-1","0"
"4179","asmjs","asm.js","0","3"
"4180","elseif","if-statement","4","383"
"4181","tfpt","tfs-power-tools","0","6"
"4182","mobile-web","mobile-website","0","24"
"4183","fields","field","0","1254"
"4184","css-positioning","css-position","0","19"
"4185","outofmemoryexception","out-of-memory","0","68"
"4186","outofmemoryerror","out-of-memory","0","267"
"4190","ifdef","conditional-compilation","0","39"
"4191","goinstant-platform","goinstant","0","0"
"4192","nodejs","node.js","0","47373"
"4195","data-attribute","custom-data-attribute","0","76"
"4196","data-attributes","custom-data-attribute","0","30"
"4197","lazy-load","lazy-loading","0","32"
"4199","tuple-unpacking","iterable-unpacking","0","49"
"4200","imageio","javax.imageio","0","275"
"4201","google-sketchup","sketchup","0","1"
"4202","trimble-sketchup","sketchup","0","0"
"4203","system-programming","systems-programming","0","18"
"4206","ie11","internet-explorer-11","0","1061"
"4207","php-cli","php","4","145"
"4208","fql","facebook-fql","0","335"
"4209","string-compare","string-comparison","0","3"
"4211","xammp","xampp","0","227"
"4212","teleric-mvc","telerik-mvc","0","0"
"4213","wp8","windows-phone-8","0","825"
"4216","data-modelling","data-modeling","0","13"
"4217","exchange-2010","exchange-server-2010","0","11"
"4218","exchange-2003","exchange-server-2003","0","0"
"4219","exchange","exchange-server","0","1880"
"4220","exchange-2007","exchange-server-2007","0","0"
"4223","google-charts","google-visualization","0","424"
"4224","google-charts-api","google-visualization","0","1639"
"4225","google-geochart","google-visualization","0","55"
"4226","postcode","postal-code","0","83"
"4228","webstart","java-web-start","0","102"
"4229","bash-variables","bash","4","13"
"4230","bourne-shell","sh","0","12"
"4231","picture","image","0","1467"
"4232","pictures","image","0","418"
"4234","elements","element","0","780"
"4238","ios-sdk","ios","0","237"
"4239","iphone-sdk-6.0","ios6","0","9"
"4240","iphone-sdk-5.0","ios5","0","35"
"4241","iphone-sdk-4","ios4","0","0"
"4242","iphone-sdk-4.0","ios4","0","54"
"4243","sparse","sparse-matrix","4","450"
"4244","sparse-array","sparse-matrix","4","335"
"4245","sparse-columns","sparse-matrix","4","25"
"4246","named-entity-extraction","named-entity-recognition","2","0"
"4250","tabbarcontroller","uitabbarcontroller","2","0"
"4252","customer-account-data","customer-account-data-api","0","8"
"4253","program-flow","control-flow","2","1"
"4254","sailsjs","sails.js","0","343"
"4255","mvcscaffolding","asp.net-mvc-scaffolding","0","2"
"4256","playbook","blackberry-playbook","1","92"
"4257","interrupts","interrupt","0","201"
"4258","appworld","blackberry-world","0","0"
"4259","caliburn","caliburn.micro","1","5"
"4261","pseudo-terminals","pty","0","2"
"4264","embedded-v8","v8","2","0"
"4265","data-uri-scheme","data-uri","3","14"
"4266","knapsack","knapsack-problem","0","238"
"4267","urls.py","django-urls","1","32"
"4270","jdk","java","4","2940"
"4271","jre","java","4","1360"
"4272","sets","set","0","581"
"4273","google-closure-library","google-closure","2","1"
"4274","stateless-session-beans","stateless-session-bean","0","0"
"4276","android-images","android-image","0","3"
"4277","patterns","design-patterns","0","1124"
"4278","string-similarity","similarity","0","14"
"4279","similarity-analyzer","similarity","0","1"
"4280","spring-tool-suite","sts-springsourcetoolsuite","0","0"
"4283","perlre","regex","4","4"
"4284","xmlns","xml-namespaces","4","30"
"4285","painting","paint","0","75"
"4287","ie7-bug","internet-explorer-7","0","41"
"4288","ie6-bug","internet-explorer-6","0","30"
"4289","safari-bug","safari","0","52"
"4290","samples","sample","0","103"
"4291","fugitive.vim","vim-fugitive","0","0"
"4292","fgrep","grep","4","18"
"4293","osm","openstreetmap","0","597"
"4295","ajaxtoolkit","ajaxcontroltoolkit","0","57"
"4296","embedded-matlab","matlab-coder","0","1"
"4297","matlab-ide","matlab","0","4"
"4298","matlab-path","matlab","0","6"
"4304","php-errors","php","4","70"
"4306","jdk8","java-8","0","289"
"4308","filelock","file-locking","2","20"
"4309","sentestingkit","ocunit","0","0"
"4310","complexity","complexity-theory","0","1191"
"4311","magento-widgets","magento","4","1"
"4312","magento-module","magento","4","41"
"4320","omniture","adobe-analytics","0","59"
"4321","site-catalyst","adobe-analytics","0","0"
"4322","mvc4","asp.net-mvc-4","0","1548"
"4323","cef","chromium-embedded","0","239"
"4324","parenthesis","parentheses","0","154"
"4325","uimapview","mkmapview","0","24"
"4327","mysql-table","mysql","0","38"
"4328","rules-engines","rule-engine","0","0"
"4329","rules-engine","rule-engine","0","13"
"4330","barplot","bar-chart","0","876"
"4331","google-play-game-services","google-play-games","0","10"
"4332","libxml","libxml2","0","176"
"4333","servicestack-text","servicestack","0","0"
"4334","mpg","mpeg","0","22"
"4335","jde","blackberry-jde","0","0"
"4338","reintegrate","svn-reintegrate","0","7"
"4339","play-mvc","playframework","0","1"
"4342","multiple-backgrounds","background-image","0","2"
"4346","sdf","sql-server-ce","1","0"
"4347","greyscale","grayscale","0","53"
"4348","multipeer-conectivity-ios","multipeer-connectivity","0","2"
"4350","chromecast","google-cast","0","0"
"4351","enumerations","enums","4","19"
"4353","datetime-operation","datetime","4","1"
"4354","datetime-functions","datetime","4","11"
"4355","fmx","firemonkey","4","331"
"4356","google-chartwrapper","google-visualization","2","0"
"4357","web-optimization","asp.net-optimization","0","0"
"4358","conformance","standards-compliance","0","15"
"4363","gpg","gnupg","0","526"
"4366","xquery-update","xquery","0","0"
"4367","nil","null","4","453"
"4368","splitting","split","4","419"
"4370","android-stylesheets","android-styles","0","0"
"4371","pnacl","google-nativeclient","0","17"
"4372","streetview","google-street-view","0","99"
"4373","street-view","google-street-view","0","9"
"4374","css-centering","css","2","5"
"4375","assembly-reference","assembly-references","0","8"
"4377","overwriting","overwrite","0","92"
"4378","subclasses","subclass","0","88"
"4379","decimals","decimal","0","322"
"4381","gtalk","google-talk","0","23"
"4382","gof","design-patterns","4","42"
"4383","left-outer-join","left-join","0","17"
"4384","timestamps","timestamp","0","197"
"4385","temporary-tables","temp-tables","0","10"
"4386","stripping","strip","1","0"
"4387","reorder","order","4","158"
"4388","reordering","order","4","57"
"4389","ordering","order","4","386"
"4390","opengraph","facebook-opengraph","0","58"
"4391","raven","ravendb","0","0"
"4392","require.js","requirejs","0","95"
"4393","modal","modal-dialog","0","4975"
"4396","f#-charting","fsharpchart","0","8"
"4397","bit-shift-operators","bit-shift","4","10"
"4399","min-height","css","-1","80"
"4400","min-width","css","-1","77"
"4401","max-height","css","-1","89"
"4402","max-width","css","-1","188"
"4403","msvc11","visual-studio-2012","4","1"
"4405","mavericks","osx-mavericks","0","298"
"4406","animated","animation","4","415"
"4407","rotateanimation","animation","4","56"
"4408","scaleanimation","animation","4","32"
"4410","syncframework","microsoft-sync-framework","0","3"
"4412","kitkat","android-4.4-kitkat","0","393"
"4413","object-to-string","tostring","4","151"
"4414","ipn","paypal-ipn","0","531"
"4415","a11y","accessibility","0","62"
"4416","joomla1.7","joomla2.5","0","0"
"4417","joomla1.6","joomla2.5","0","0"
"4418","joomla3.1","joomla3.0","0","0"
"4419","joomla3.2","joomla3.0","0","0"
"4421","nhibernate-queryover","queryover","0","1"
"4422","recurrence-relation","recurrence","2","17"
"4426","android-intent-flags","android-intent","0","1"
"4427","disposing","dispose","4","14"
"4428","disposal","dispose","4","3"
"4429","dispose-pattern","dispose","4","2"
"4430","resource-disposal","dispose","1","0"
"4431","pipes","pipe","4","446"
"4432","sortable","jquery-ui-sortable","4","435"
"4433","jquery-sortable","jquery-ui-sortable","4","55"
"4434","javascript-alert","javascript","4","4"
"4435","handlebars","handlebars.js","3","805"
"4436","cronexpression","cron","4","677"
"4437","stacks","stack","4","421"
"4438","owa","outlook-web-app","0","82"
"4439","boss","yahoo-boss","0","5"
"4442","team-foundation-service","azure-devops","4","148"
"4444","tooltips","tooltip","0","142"
"4445","mac-os-x-server","osx-server","0","78"
"4446","osx-10.9","osx-mavericks","0","6"
"4448","jquery-datatables","datatables","4","8353"
"4449","twitter-bootstrap-3.0.2","twitter-bootstrap-3","4","0"
"4450","sqlitedatabase","sqlite","4","175"
"4452","computer-architecture","cpu-architecture","4","2060"
"4453","iap","in-app-purchase","0","397"
"4457","cpickle","pickle","4","26"
"4458","unpickling","pickle","4","5"
"4459","glass","aero-glass","0","169"
"4460","regularexpression","regex","4","1014"
"4461","iis5","iis-5","0","2"
"4462","iis6","iis-6","0","83"
"4463","iis7","iis-7","0","357"
"4464","iis8","iis-8","0","139"
"4466","android-sdk-2.2","android-2.2-froyo","0","0"
"4467","pickle-dump","pickle","4","1"
"4468","filter-branch","git-filter-branch","2","15"
"4469","inherit","inheritance","4","263"
"4470","sklearn","scikit-learn","4","3000"
"4473","ranges","range","4","348"
"4474","worklight-deployment","worklight-server","0","0"
"4475","groupwise-maximum","greatest-n-per-group","4","41"
"4476","android-test-kit","android-espresso","0","1"
"4477","soa-suite","soa","0","0"
"4478","laravel-4.1","laravel-4","4","2"
"4479","valid-xhtml","xhtml","0","1"
"4480","memory-deallocation","memory-management","4","132"
"4481","performance-measurement","performance","4","22"
"4482","performance-monitoring","performance","4","29"
"4483","chromedriver","selenium-chromedriver","0","1252"
"4484","adwords","google-ads-api","0","435"
"4486","google-adwords-api","google-ads-api","0","68"
"4487","gdocs","google-docs","0","12"
"4488","sql-srever","sql-server","0","62"
"4490","servicestack-bsd","servicestack","0","0"
"4491","uisegmentcontrol","uisegmentedcontrol","0","6"
"4492","workitem","tfs-workitem","1","0"
"4493","python3","python-3.x","4","24674"
"4495","division-by-zero","divide-by-zero","0","5"
"4497","self-referential","self-reference","0","15"
"4498","self-referencing","self-reference","0","15"
"4500","g1","g1gc","1","11"
"4503","duplicate-entry","duplicates","4","19"
"4504","shorthand-if","conditional-operator","3","46"
"4505","ternary-operator","conditional-operator","4","1287"
"4506","interrupt-handling","interrupt","3","153"
"4507","irq","interrupt","3","32"
"4508","isr","interrupt","2","69"
"4509","selectors","css-selectors","4","317"
"4514","php-mail","php","4","137"
"4515","galaxy","samsung-mobile","-1","0"
"4516","twitter-bootstrap-3.0","twitter-bootstrap-3","4","0"
"4517","box-model","css","4","33"
"4518","msvc10","visual-studio-2010","4","37"
"4521","css-validation","css","4","2"
"4527","javascript-array","arrays","4","69"
"4529","static-vs-non-static","static","4","12"
"4533","cryptopp","crypto++","0","79"
"4534","mobilesubstrate","cydia-substrate","0","12"
"4535","htmldocument","dom","4","35"
"4536","html-attributes","html","2","19"
"4537","rewritebase","mod-rewrite","1","21"
"4539","mustache.js","mustache","0","36"
"4540","style.css-template-file","css","1","0"
"4544","grunt-cli","gruntjs","4","17"
"4545","angular.dart","angular-dart","0","14"
"4546","cipher","encryption","4","1201"
"4549","python-ctypes","ctypes","4","3"
"4550","moment.js","momentjs","0","231"
"4551","gvimrc","vim","0","3"
"4552","gvim","vim","0","347"
"4553","saxparser","sax","0","0"
"4556","sync","synchronization","4","1759"
"4557","asynchronous-processing","asynchronous","4","3"
"4558","lat-long","latitude-longitude","3","0"
"4559","html.dropdownlist","html-select","0","39"
"4568","vimscript","vim","4","248"
"4569","mvn","maven","4","382"
"4571","vs2013","visual-studio-2013","1","564"
"4572","vs-2013-preview","visual-studio-2013","4","0"
"4573","matchers","matcher","0","25"
"4574","static-code-analysis","static-analysis","4","61"
"4575","plaintext","text","4","151"
"4576","php-cgi","php","1","47"
"4578","sonar","sonarqube","0","1404"
"4579","backbone.marionette","marionette","0","4"
"4580","spaces","space","3","64"
"4581","computer-algebra-systems","symbolic-math","4","84"
"4582","symbolic-computation","symbolic-math","4","240"
"4587","typeahead","typeahead.js","0","0"
"4588","mathematica","wolfram-mathematica","0","549"
"4589","endless-scroll","infinite-scroll","0","2"
"4590","endless-loop","infinite-loop","0","7"
"4594","vars","variables","4","136"
"4596","rspec-rails","rspec","-1","0"
"4598","php-functions","php","4","6"
"4600","json-encode","json","4","366"
"4601","json-decode","json","4","305"
"4602","cli","command-line-interface","0","3007"
"4604","pseudo-selectors","css-selectors","0","8"
"4605","paypalmerchantsdk","paypal","0","0"
"4606","client-dataset","tclientdataset","0","0"
"4610","formating","formatting","2","242"
"4611","fs","node.js-fs","2","95"
"4612","yii-db","yii","4","32"
"4613","file-download","download","1","75"
"4615","cv","computer-vision","0","359"
"4616","vstemplate","visual-studio-templates","0","8"
"4617","avg","average","0","310"
"4618","appendto","append","4","128"
"4620","conditional-expressions","conditional-operator","2","60"
"4621","dynamics","microsoft-dynamics","0","1082"
"4622","actionbarcompat","android-actionbar-compat","0","0"
"4623","winmo","windows-mobile","0","0"
"4624","msas","ssas","1","0"
"4641","activity","android-activity","0","4216"
"4644","processes","process","2","421"
"4647","selenium2","selenium-webdriver","0","528"
"4649","selenium-webdriver-c#","selenium-webdriver","0","8"
"4650","selenium-webdriver-java","selenium-webdriver","0","23"
"4651","spark-cluster-framework","apache-spark","0","108"
"4653","ui-router","angular-ui-router","1","342"
"4654","idb","indexeddb","4","30"
"4655","email-server","mail-server","0","13"
"4657","datetime-manipulation","datetime","4","10"
"4659","xml.etree","elementtree","2","32"
"4661","jazz","ibm-jazz","0","86"
"4666","class-methods","class-method","1","3"
"4667","css-backface-visibility","css-transforms","0","0"
"4668","web-browser","browser","3","60"
"4669","mpich2","mpich","0","25"
"4670","robots","robot","0","137"
"4671","pig","apache-pig","0","1204"
"4672","dnd","drag-and-drop","0","133"
"4673","evoq","dotnetnuke","0","14"
"4674","javascript-dom","javascript","4","31"
"4676","karma","karma-runner","4","2477"
"4677","eclipse-adt","adt","1","0"
"4679","css-display","css","0","9"
"4681","market","google-play","0","263"
"4682","android-4.2","android-4.2-jelly-bean","0","1"
"4683","android-4.3","android-4.3-jelly-bean","0","1"
"4684","android-4.4","android-4.4-kitkat","0","7"
"4685","android-3.0","android-3.0-honeycomb","0","0"
"4686","android-2.3","android-2.3-gingerbread","0","0"
"4687","android-2.2","android-2.2-froyo","0","1"
"4688","android-2.0","android-2.0-eclair","0","0"
"4689","android-2.1","android-2.1-eclair","0","0"
"4690","android-1.5","android-1.5-cupcake","0","0"
"4691","android-1.6","android-1.6-donut","0","0"
"4693","queryselectorall","selectors-api","1","82"
"4694","string-utils","apache-stringutils","1","3"
"4696","neo4j2.0","neo4j","4","193"
"4697","socketio","socket.io","0","789"
"4699","wampserver","wamp","2","227"
"4703","modulus","modulo","4","164"
"4705","scrapy-spider","scrapy","4","1998"
"4707","subsetting","subset","2","318"
"4708","nsmanagedobjectcontext","core-data","2","15"
"4709","nsmanagedobject","core-data","2","19"
"4712","asset","assets","0","317"
"4713","sqlselect","sql","4","46"
"4716","php-session","php","4","16"
"4719","mro","method-resolution-order","0","26"
"4721","sprintf","printf","4","403"
"4722","fprintf","printf","4","278"
"4723","snprintf","printf","4","70"
"4724","vsprintf","printf","4","10"
"4725","vsnprintf","printf","4","11"
"4726","vswprintf","printf","4","2"
"4727","nokia-location-api","here-api","0","0"
"4731","microsoft-appstore","windows-store","2","0"
"4734","simulate","simulation","4","79"
"4735","edittext","android-edittext","0","1597"
"4736","appwidget","android-appwidget","0","60"
"4738","div","html","0","8379"
"4739","divs","html","0","441"
"4740","nested-divs","html","0","4"
"4741","div-layouts","html","0","23"
"4742","volley","android-volley","0","1975"
"4743","injection","code-injection","0","1223"
"4744","asp.net.mvc","asp.net-mvc","4","38"
"4745","kendo-ui-mvc","kendo-asp.net-mvc","0","0"
"4746","cabal-install","cabal","1","0"
"4747","zf2","zend-framework2","2","281"
"4749","dbms","database","4","951"
"4750","sesame","openrdf","0","0"
"4752","webcam-capture","webcam","-1","0"
"4753","html-comments","html","0","4"
"4754","indent","indentation","0","286"
"4756","smartwatch","sony-smartwatch","0","213"
"4757","xperia","sony-xperia","0","91"
"4758","span","html","2","1002"
"4759","python-shell","python","4","93"
"4762","team-build","tfsbuild","4","41"
"4764","eclipse-plugin-dev","eclipse-plugin","0","3"
"4765","chrome-packaged-app","google-chrome-app","0","3"
"4767","swift-language","swift","0","267"
"4769","swift-ios","swift","0","15"
"4770","ipad-splitview","ipad","0","1"
"4771","ipad-ui","ipad","0","1"
"4772","iphone-web","iphone","1","0"
"4774","mht","mhtml","0","32"
"4775","ibm-was","websphere","4","250"
"4776","input-file","file-io","0","56"
"4777","input-files","file-io","0","2"
"4778","infile","file-io","0","125"
"4779","outfile","file-io","0","51"
"4780","output-files","file-io","0","0"
"4781","breeze#","breeze-sharp","0","3"
"4783","javascript-disabled","javascript","-1","20"
"4784","xcode-playground","swift-playground","0","41"
"4785","ring-buffer","circular-buffer","0","16"
"4786","pebble-sdk","pebble-watch","1","0"
"4788","x-window","x11","0","1"
"4790","cross-compile","cross-compiling","0","194"
"4791","uitableviewcell","uitableview","0","4279"
"4792","uitableviewcellaccessory","uitableview","0","5"
"4793","uitableviewcellstylevalue","uitableview","0","0"
"4794","uitableviewstyle","uitableview","0","2"
"4795","uitableviewdatasource","uitableview","0","31"
"4796","uitableviewdelegate","uitableview","0","24"
"4797","uitableviewheader","uitableview","0","7"
"4798","uitableviewfooter","uitableview","0","0"
"4799","uitableview-section","uitableview","0","1"
"4800","uitableviewstylegrouped","uitableview","0","0"
"4801","uitableviewcontroller","uitableview","0","733"
"4803","fuseesb","jbossfuse","1","0"
"4804","protobufs","protocol-buffers","0","7"
"4809","nsdocumentsdirectory","nsdocumentdirectory","0","1"
"4811","stellarjs","stellar.js","0","1"
"4812","angular.js","angularjs","0","336"
"4813","aspnet.mvc","asp.net-mvc","0","4"
"4814","aspnet-mvc","asp.net-mvc","0","28"
"4815","numberformat","number-formatting","0","86"
"4816","signal-slot","signals-slots","1","6"
"4817","post-request","http-post","0","64"
"4820","halt","exit","4","33"
"4821","identify","detect","0","0"
"4827","compressed","compression","4","79"
"4840","gameloop","game-loop","0","52"
"4842","nancyfx","nancy","1","61"
"4849","cocos2d-swift","cocos2d-iphone","1","0"
"4851","ruby-c-api","ruby-c-extension","0","0"
"4852","ruby-extension","ruby-c-extension","0","1"
"4853","ruby-ext","ruby-c-extension","0","0"
"4859","if-clause","if-statement","2","2"
"4860","software-as-a-service","saas","0","1"
"4861","c90","c89","0","70"
"4864","progress-database","progress-db","0","3"
"4865","csharp","c#","0","2564"
"4866","route","routes","0","2332"
"4867","karaf","apache-karaf","1","196"
"4868","android-compat-lib","android-support-library","1","0"
"4869","thread-safe","thread-safety","0","58"
"4870","varargs","variadic-functions","1","72"
"4871","timedelta","timespan","-1","0"
"4872","duration","timespan","-1","0"
"4873","certificates","certificate","0","524"
"4874","windowmanager","window-managers","0","105"
"4875","day-cq","aem","2","0"
"4876","ibm-notes","lotus-notes","3","18"
"4877","sheets","google-sheets","0","2813"
"4878","windows-universal","win-universal-app","4","673"
"4879","xcode6-beta3","xcode6","0","3"
"4880","dijit.form","dojo","0","0"
"4881","dijit.layout","dojo","1","0"
"4882","dijit.tree","dojo","1","0"
"4883","dojo.data","dojo","0","0"
"4884","dojo-store","dojo","0","0"
"4885","dojo-layer","dojo","0","0"
"4886","dojo.stateful","dojo","0","0"
"4887","dojo-require","dojo","0","0"
"4889","xcode6-beta4","xcode6","1","0"
"4890","round","rounding","4","625"
"4891","msp","msi-patch","0","50"
"4892","xwindows","x11","0","22"
"4900","nvd3","nvd3.js","0","194"
"4906","openerp","odoo","4","4915"
"4907","analytic-functions","window-functions","4","12"
"4908","engopen","matlab-engine","0","0"
"4909","compass-css","compass-sass","0","0"
"4910","autobahnws","autobahn","0","13"
"4913","gnumakefiles","gnu-make","0","0"
"4915",".wav","wav","0","82"
"4916","fsharp.data","f#-data","0","8"
"4917","full-text-indexing","full-text-search","4","92"
"4918","submodule","git-submodules","0","226"
"4919","submodules","git-submodules","0","89"
"4920","static-class","static-classes","0","59"
"4922","ef6","entity-framework-6","4","262"
"4924","keyvaluepair","key-value","4","176"
"4925","java-libraries","java","4","61"
"4927","c++1y","c++14","3","10"
"4930","build-process","build","4","133"
"4932","custom-keyboard","ios-app-extension","0","0"
"4936","builtins","built-in","1","13"
"4938","lambda-functions","lambda","4","24"
"4939","data-definition-language","ddl","0","0"
"4942","ruby-on-rails-4-1","ruby-on-rails-4.1","0","0"
"4943","code-efficiency","performance","0","144"
"4945","ink-file-picker","filepicker.io","0","0"
"4946","iphone-6+","iphone-6-plus","0","0"
"4951","spider","web-crawler","0","370"
"4952","dnn7","dotnetnuke-7","0","5"
"4956","jni","java-native-interface","0","595"
"4957","boolean-algebra","boolean-logic","4","60"
"4958","decisiontrees","decision-tree","0","6"
"4959","alternation","regex-alternation","0","7"
"4960","sibling","siblings","0","74"
"4961","urlrewriter","url-rewriting","4","8"
"4962","rewritemap","mod-rewrite","4","29"
"4964","handheld","mobile-devices","0","0"
"4965","symfony-sonata","sonata-admin","-1","0"
"4966","bing-maps-api","bing-maps","0","3"
"4968","virtual-earth","bing-maps","1","0"
"4973","cmd-script","batch-file","4","3"
"4974","jdk1.8","java-8","0","60"
"4975","susy","susy-sass","0","0"
"4977","renaming","rename","4","172"
"4978","schema-design","database-design","4","42"
"4979","google-spreadsheet","google-sheets","0","615"
"4981","spark","apache-spark","4","17725"
"4982","fire-tv","amazon-fire-tv","0","3"
"4983","vso","azure-devops","4","92"
"4985","setup","installation","0","1287"
"4987","installing","installation","0","311"
"4988","highlighting","highlight","0","346"
"4989","google-play-store","google-play","1","306"
"4993","apache-regexp","regex","4","2"
"4994","outer","outer-join","0","146"
"4995","huffman","huffman-code","0","212"
"4996","google-drive-sdk","google-drive-api","4","638"
"4997","sonata","sonata-admin","-1","0"
"4998","ko.observablearray","knockout.js","4","133"
"5003","lookaround","regex-lookarounds","4","33"
"5005","matlab-toolbox","matlab","4","121"
"5006","containment","contains","1","0"
"5007","negative-lookahead","regex-lookarounds","4","148"
"5008","lookahead","regex-lookarounds","4","112"
"5009","android-l","android-5.0-lollipop","0","12"
"5015","css-line-height","css","4","9"
"5033","validator","validation","3","601"
"5034","nested-array","multidimensional-array","1","61"
"5035","rectangular-arrays","multidimensional-array","1","1"
"5036","ndarray","multidimensional-array","1","214"
"5037","jsonarray","arrays","4","488"
"5038","string-array","arrays","4","76"
"5039","char-array","arrays","4","22"
"5042","outlook-form","outlook","1","0"
"5043","outlook-calendar","outlook","1","0"
"5044","outlook-express","outlook","0","0"
"5046","outlook-macro","outlook","1","0"
"5049","wordpress-loop","wordpress","4","140"
"5050","wordpress-plugin-dev","wordpress","4","189"
"5051","wordpress-mu","wordpress","4","4"
"5052","wordpress-filter","wordpress","4","18"
"5053","wordpress-widget","wordpress","4","24"
"5060","amchart","amcharts","0","158"
"5065","fortify360","fortify","0","3"
"5066","fortify-software","fortify","0","16"
"5067",".net-4.5.1",".net-4.5","1","14"
"5068","last-child","css-selectors","0","31"
"5069","first-child","css-selectors","0","45"
"5070","nth-child","css-selectors","0","140"
"5071","comboboxes","combobox","3","18"
"5074","tmpfile","temporary-files","0","12"
"5075","tempfile","temporary-files","0","80"
"5078","sprites","sprite","0","291"
"5080","apple-metal","metal","0","3"
"5081","metal-framework","metal","0","5"
"5082","map","dictionary","4","17212"
"5083","build-gradle","build.gradle","0","16"
"5084","crowd","atlassian-crowd","0","88"
"5085","stringformat","string-formatting","2","51"
"5086","if-condition","if-statement","2","22"
"5087","rich-client-platform","rcp","1","0"
"5089","data-encryption","encryption","4","10"
"5090","login","authentication","4","7734"
"5091","android-application","android","4","186"
"5092","paypal-sdk","paypal","0","11"
"5093","weemo","sightcall","0","0"
"5095",".net-4.5.2",".net-4.5","4","163"
"5097","3d-array","multidimensional-array","2","24"
"5098","2d-array","multidimensional-array","2","162"
"5099","css-overflow","css","4","5"
"5100","guava-collections","guava","4","6"
"5103","ibm-db2","db2","4","450"
"5104","csrf-protection","csrf","4","530"
"5105","sql-triggers","triggers","3","76"
"5107","opscode","chef-infra","0","11"
"5108","slow-load","performance","4","9"
"5110","ruby-on-rails-3.2.1","ruby-on-rails-3.2","1","0"
"5112","spa","single-page-application","0","618"
"5113","uistoryboardsegue","segue","1","0"
"5114","func-delegate","delegates","2","0"
"5115","function-object","functor","-1","0"
"5116","transparentdataencryption","tde","0","0"
"5117","android-lollipop","android-5.0-lollipop","0","15"
"5118","panoramic","panoramas","0","19"
"5121","code-beautification","code-formatting","0","1"
"5122","datastax","datastax-enterprise","0","0"
"5123","nc","netcat","0","118"
"5124","facebook-sdk-ios","facebook","0","10"
"5125","encrypted","encryption","3","223"
"5126","es6","ecmascript-6","0","4684"
"5127","java-asm","java-bytecode-asm","1","10"
"5128","spam-filtering","spam-prevention","0","1"
"5129","spam-detection","spam-prevention","0","4"
"5130","spam-blocking","spam-prevention","0","1"
"5131","antispam","spam-prevention","0","10"
"5132","spamming","spam-prevention","0","11"
"5133","qxt","libqxt","0","1"
"5134","flask-blueprint","flask","0","25"
"5135","windows-azure-storage","azure-storage","4","28"
"5137","chefdk","chef-infra","1","2"
"5138","chef-solo","chef-infra","2","9"
"5139","chef-recipe","chef-infra","3","283"
"5148","qt-layout","qlayout","0","0"
"5149","nokia-maps","here-api","0","0"
"5150","r-language","r","4","29"
"5151","google-app-engine-java","google-app-engine","0","36"
"5152","defer","deferred","0","128"
"5153","django-modelform","django-forms","0","15"
"5155","ssms-2008","sql-server-2008","0","8"
"5156","call-by-reference","pass-by-reference","0","14"
"5158","group-by-time-interval","group-by","0","0"
"5159","group-by-all","group-by","0","1"
"5160","css-sibling","css-selectors","0","1"
"5161","osx-yosemite10.10","osx-yosemite","0","31"
"5162","order-by","sql-order-by","0","164"
"5163","binary-system","binary","0","1"
"5164","binary-number","binary","0","5"
"5165","wordpress-permission","wordpress","0","5"
"5166","queryset","django-queryset","0","476"
"5167","reactive-extensions-js","rxjs","4","3"
"5168","slicing","slice","4","527"
"5170","passportjs","passport.js","0","217"
"5171","apache-jmeter","jmeter","0","21"
"5172","embedded-javascript","ejs","1","0"
"5173","array-slice","slice","3","19"
"5174","slices","slice","4","93"
"5175","string-slice","slice","3","1"
"5176","google-datastore","google-cloud-datastore","3","3"
"5177","gae-datastore","google-cloud-datastore","2","0"
"5178","java-collections-api","collections","4","466"
"5179","windows-azure-blob","azure-blob-storage","1","1"
"5180","trellis","lattice","0","0"
"5181","compass","compass-sass","1","0"
"5182","scratch","mit-scratch","0","234"
"5183","nivo","nivo-slider","0","70"
"5188","django-many-to-many","django-orm","0","7"
"5189","django-template-tags","django-templates","0","11"
"5190","django-fields","django-models","0","20"
"5191","django-imagefield","django-models","0","10"
"5192","django-multi-db","django-orm","0","1"
"5193","bounded-wildcard","pecs","-1","0"
"5194","sequelize","sequelize.js","0","1960"
"5195","amazon-lambda","aws-lambda","4","265"
"5196","vba-macros","vba","3","37"
"5197","macros-vba","vba","3","18"
"5198","io.js","node.js","4","118"
"5201","select-statement","sql","4","26"
"5203","iterative","iteration","0","232"
"5204","reverse-polish-notation","postfix-notation","0","2"
"5206","urlmappings","url-mapping","0","1"
"5207","nth-of-type","css-selectors","0","22"
"5208","mongodb-arrays","arrays","1","20"
"5210","quaternion","quaternions","0","219"
"5211","publishing","publish","0","202"
"5213","arquillian","jboss-arquillian","0","165"
"5214","return-statement","return","0","18"
"5217","select-tag","html-select","0","19"
"5218",".net-4.5.3",".net-4.6","0","0"
"5219","audio-playing","audio-player","0","30"
"5220","alphablend","alphablending","0","5"
"5221","facade-pattern","facade","0","4"
"5222","office365-addin","office365-apps","0","0"
"5223","move-semantics","move","-1","0"
"5224","scalajs","scala.js","0","71"
"5226","meteorjs","meteor","0","262"
"5227","java-util-scanner","java.util.scanner","0","1"
"5228","alternate-stylesheets","css","0","0"
"5229","qt-stylesheet","qtstylesheets","0","0"
"5230","google-cloud","google-cloud-platform","0","985"
"5231","webservlet","servlets","4","6"
"5232","uipicker","uipickerview","0","3"
"5233","jquery-dynatree","dynatree","0","0"
"5234","adf-faces","oracle-adf","1","0"
"5235","x.509","x509","0","63"
"5236","url-protocol","url-scheme","0","22"
"5237","uri-scheme","url-scheme","0","64"
"5238","unittest","unit-testing","1","1352"
"5239","encryption-asymmetric","public-key-encryption","2","0"
"5241","inline-block","css","0","208"
"5242","directories","directory","0","356"
"5243","ilist","list","4","205"
"5246","peano-numbers","successor-arithmetics","0","0"
"5247","cstring","c-strings","0","390"
"5248","intellij-idea-14","intellij-14","1","0"
"5249","css-combinators","css-selectors","0","1"
"5251","stackoverflow-api","stackexchange-api","0","7"
"5252","work-item-tracking","tfs-workitem","0","0"
"5253","work-item","tfs-workitem","0","0"
"5254","process-template","tfs-process-template","0","0"
"5256","android-ui","android","4","2163"
"5257","self-executing-function","iife","2","5"
"5259","dust.js-linkedin","dust.js","4","10"
"5260","cpanm","cpan","0","0"
"5262","css-box-model","css","-1","6"
"5263","node-async","async.js","0","2"
"5264","stackoverflowerror","stack-overflow","1","112"
"5265","stackoverflowexception","stack-overflow","1","64"
"5268","turtle","turtle-graphics","3","223"
"5269","pixel-shader","fragment-shader","2","39"
"5270","mysqld","mysql","1","124"
"5271","mysqlclient","mysql","0","190"
"5272","empty-string","string","1","89"
"5274","sub-arrays","arrays","4","20"
"5275","character-arrays","arrays","4","188"
"5282","ace.js","ace-editor","0","0"
"5284","elixir-lang","elixir","0","2"
"5285","excel-macro","excel","4","98"
"5286","videojs","video.js","1","295"
"5287","uber","uber-api","0","359"
"5288","azure-web-apps","azure-web-app-service","4","27"
"5289","smartbear-testcomplete","testcomplete","0","0"
"5290","big-theta","big-o","4","237"
"5291","formulas","formula","2","715"
"5292","asymptotic-complexity","complexity-theory","2","668"
"5293","font-weight","css","4","54"
"5296","swift-generics","generics","4","85"
"5297","cljx","clojure","4","0"
"5298","sql-server-express-2012","sql-server-2012-express","0","0"
"5299","yield-keyword","yield","4","58"
"5300","column-store-index","columnstore","0","0"
"5301","sails","sails.js","4","292"
"5303","dir","directory","4","312"
"5307","swift1.2","swift","0","95"
"5308","foreign-key-relationship","foreign-keys","4","1416"
"5309","java-generics","generics","4","158"
"5310","javascript-library","javascript","4","119"
"5311","deciphering","encryption","4","31"
"5314","reactjs-flux","flux","0","0"
"5316","percent-encoding","urlencode","0","64"
"5317","uriencoding","urlencode","0","14"
"5319","nw.js","node-webkit","0","110"
"5320","angular-directive","angularjs-directive","0","0"
"5321","dialects","dialect","0","1"
"5322","jquery-core","jquery","4","0"
"5323","angularjs-ui-router","angular-ui-router","4","121"
"5324","shellscript","shell","4","847"
"5325","tableviewcell","uitableview","1","1674"
"5326","nim","nim-lang","1","14"
"5327","jquery-live","jquery","4","3"
"5340","asn1","asn.1","2","6"
"5341","geopositioning","geolocation","1","0"
"5342","iads","iad","0","15"
"5343","oracle-commerce","atg","1","0"
"5344","qliksense","qlikview","0","0"
"5346","habtm","has-and-belongs-to-many","0","14"
"5347","apiary","apiary.io","2","7"
"5348","realm.io","realm","0","25"
"5349","infix","infix-notation","0","203"
"5350","azure-app-service","azure-web-app-service","4","155"
"5351","react","reactjs","4","99777"
"5352","custom-routes","routes","4","52"
"5353","routing","routes","4","3911"
"5354","document.ready","document-ready","0","25"
"5356","claims","claims-based-identity","0","0"
"5357","xml-file","xml","4","8"
"5358","microsoft-web-deploy","webdeploy","2","0"
"5359","uidynamics","uikit-dynamics","0","3"
"5363","object-lifetime","lifetime","2","65"
"5365","servicereference","service-reference","1","0"
"5366","php-fpm","php","4","1159"
"5367","quartus-ii","quartus","-1","4"
"5368","mlint","matlab","4","6"
"5369","js-amd","amd","2","1"
"5370","apache-jena","jena","4","414"
"5371","jcodemodel","sun-codemodel","0","0"
"5372","jquery-blockui","blockui","0","0"
"5373","javascript-runtime","javascript","4","3"
"5375","concurrency-violation","concurrency","4","0"
"5376","lazy-initialization","lazy-loading","0","0"
"5377","idea-plugin","intellij-plugin","4","0"
"5378","declarations","declaration","4","31"
"5379","codeigniter-url","codeigniter","4","384"
"5380","codeigniter-routing","codeigniter","4","204"
"5381","codeigniter-form-helper","codeigniter","4","47"
"5382","matcaffe","caffe","0","0"
"5383","codeigniter-validation","codeigniter","4","4"
"5385",".net-async-await","async-await","0","6"
"5386","fixture","fixtures","0","96"
"5396","jscript.net","jscript","-1","0"
"5400","chartjs","chart.js","0","1489"
"5401","openerp-8","odoo-8","0","24"
"5402","google-api-oauth","google-oauth","0","0"
"5403","hashes","hash","4","118"
"5404","optimizer","optimization","4","197"
"5406","prng","random","4","531"
"5407","duplicate-removal","duplicates","4","2295"
"5408","duplicate-data","duplicates","4","592"
"5409","duplication","duplicates","4","331"
"5410","deduplication","duplicates","4","433"
"5411","no-duplicates","duplicates","4","61"
"5412","duplicate-content","duplicates","4","56"
"5413","duplicate-detection","duplicates","4","51"
"5414","ignore-duplicates","duplicates","4","18"
"5415","lpsolveapi","lpsolve","0","12"
"5416","maximization","maximize","1","18"
"5417","timezoneoffset","timezone","4","2"
"5419","redirecting","http-redirect","0","131"
"5420","angularjs-promise","angular-promise","0","10"
"5421","swift2.0","swift2","0","65"
"5422","google-pagespeed","pagespeed","2","0"
"5423","entity-framework-6.1","entity-framework-6","4","127"
"5424","entity-framework-4.3.1","entity-framework-4.3","1","0"
"5425","entity-framework-4.2","entity-framework-4.1","1","0"
"5426","laravel-5.1","laravel-5","4","525"
"5427","fedex-api","fedex","0","16"
"5428","fedex-shipping","fedex","0","11"
"5430","mining","data-mining","1","0"
"5431","androiddesignsupport","android-design-library","2","8"
"5432","angles","angle","0","107"
"5441","uniform-initialization","list-initialization","2","0"
"5442","xubuntu","ubuntu","4","435"
"5443","kubuntu","ubuntu","4","442"
"5444","lubuntu","ubuntu","4","166"
"5445","c3","c3.js","0","228"
"5447","cancancan","cancan","0","0"
"5448","env","environment-variables","4","486"
"5449","paperclip-validation","paperclip","0","0"
"5450","active-record-query","activerecord","4","17"
"5451","activerecord-relation","activerecord","4","11"
"5452","clicked","click","4","46"
"5453","javascript-async-await","ecmascript-async-await","0","0"
"5455","alt","alt-attribute","1","20"
"5456","efi","uefi","0","140"
"5457","es7","ecmascript-2016","0","94"
"5458","ionic","ionic-framework","4","26346"
"5459","dialogbox","dialog","3","73"
"5460","plunkr","plunker","0","3"
"5461","substitute","substitution","0","138"
"5462","codeigniter-activerecord","codeigniter","4","9"
"5463","codeigniter-pagination","codeigniter","4","39"
"5464","scraper","web-scraping","4","504"
"5465","webpagescraping","web-scraping","0","0"
"5466","cocoon","apache-cocoon","0","54"
"5467","firebasesimplelogin","firebase-authentication","3","2"
"5468","vscode","visual-studio-code","4","10950"
"5470","privatekey","private-key","0","83"
"5471","vcalendar","icalendar","0","0"
"5473","semver","semantic-versioning","0","58"
"5475","vs2015","visual-studio-2015","0","658"
"5476","jump-lists","jump-list","0","0"
"5477","python-c-extension","python-c-api","4","309"
"5478","muc","multiuserchat","0","108"
"5479","groupchat","multiuserchat","0","0"
"5480","sqlce","sql-server-ce","1","0"
"5481","kafka","apache-kafka","0","7359"
"5482","pycaffe","caffe","0","0"
"5483","gcm","google-cloud-messaging","0","775"
"5484","android-gcm","google-cloud-messaging","0","10"
"5485","tika","apache-tika","0","182"
"5486","sql-server-express-2008","sql-server-2008-express","0","0"
"5487","edge-browser","microsoft-edge","0","5"
"5491","multi-column","multiple-columns","0","23"
"5492","computed-columns","calculated-columns","0","2"
"5493","symbol","symbols","2","349"
"5494","pdfviewer","pdf-viewer","0","117"
"5495","m-file","matlab","2","4"
"5497","spark-sql","apache-spark-sql","4","144"
"5498","aurelia-binding","aurelia","-1","1"
"5499","aurelia-navigation","aurelia","-1","0"
"5500","aurelia-router","aurelia","-1","0"
"5501","aurelia-validation","aurelia","-1","0"
"5502","aurelia-event-aggregator","aurelia","-1","0"
"5503","aurelia-templating-router","aurelia","-1","0"
"5505","lmer","lme4","0","642"
"5506","angular-http","angularjs-http","0","0"
"5507","interpolate","interpolation","0","208"
"5508","css-menu","css","4","5"
"5509","data-validation","validation","0","106"
"5511","pkcs7","pkcs#7","0","49"
"5513","material-theme","material-design","4","51"
"5514","webdriverjs","selenium-webdriver","3","172"
"5515","vfp","visual-foxpro","0","82"
"5516","recyclerview","android-recyclerview","4","5882"
"5517","aspnet-identity","asp.net-identity","0","2"
"5518","angularjs-ng-class","ng-class","3","0"
"5520","fcgi","fastcgi","0","34"
"5521","meanio","mean.io","0","2"
"5522","date-calculation","date-arithmetic","0","2"
"5524","waterline.js","waterline","3","0"
"5525","controlleras","angularjs-controlleras","0","0"
"5526","genetic","genetic-algorithm","0","0"
"5527","angularjs-ng-options","ng-options","1","0"
"5528","worklight","ibm-mobilefirst","0","78"
"5529","ptr","pointers","4","70"
"5530","aws-ec2","amazon-ec2","4","1435"
"5531","aws-command-line","aws-cli","4","0"
"5533","tsv","csv","4","681"
"5534","angularjs-resource","ngresource","1","0"
"5535","flash-player","flash","2","4"
"5536","flash-ide","flash","2","0"
"5537","android-m","android-6.0-marshmallow","0","4"
"5538","android-marshmallow","android-6.0-marshmallow","0","7"
"5541","wp-query","wordpress","4","1483"
"5542","python-extensions","python-c-api","1","0"
"5543","minidump","crash-dumps","1","0"
"5544","css-reset","css","4","54"
"5545","wordpress-theme-customize","wordpress","4","670"
"5547","android-pay","google-wallet","0","28"
"5548","wpfstyle","wpf-style","0","1"
"5550","bits","bit","1","385"
"5553","universal-reference","forwarding-reference","4","105"
"5554","aarch64","arm64","0","146"
"5555","swift-array","arrays","4","198"
"5557","android-toolbar","android-actionbar-compat","-1","0"
"5558","fab","floating-action-button","1","45"
"5559","singleton-methods","singleton","3","54"
"5561","application-singleton","singleton","4","22"
"5562","acf","advanced-custom-fields","0","800"
"5563","epd-python","canopy","0","0"
"5566","override","overriding","0","369"
"5568","autoboxing","boxing","1","0"
"5569","unboxing","boxing","2","10"
"5570","little-endian","endianness","3","15"
"5571","big-endian","endianness","3","14"
"5572","undefined-symbol","undefined-reference","1","0"
"5573","byte-order","endianness","3","4"
"5575","multipart-form","multipartform-data","0","33"
"5576","pretty-urls","friendly-url","0","0"
"5579","entity-framework-mapping","entity-framework","4","13"
"5580","basemap","matplotlib-basemap","0","308"
"5581","flink","apache-flink","2","1065"
"5582","direct3d11","directx-11","1","0"
"5583","spark-dataframe","apache-spark-sql","4","10626"
"5584","mllib","apache-spark-mllib","0","1"
"5585","gst","gstreamer","0","80"
"5586","fstat","stat","0","0"
"5587","corona-storyboard","coronasdk","0","0"
"5588","h2db","h2","3","26"
"5589","fms","flash-media-server","0","7"
"5590","cocoa-touch-framework","cocoa-touch","1","1"
"5591","jinja","jinja2","0","1137"
"5592","cljc","clojure","3","6"
"5593","concurrent-programming","concurrency","4","215"
"5594","multicastsocket","multicast","0","0"
"5596","object-pascal","delphi","3","7"
"5597","wer","windows-error-reporting","0","6"
"5598","make","makefile","4","2516"
"5600","vanity-url","friendly-url","0","0"
"5601","storm","apache-storm","4","422"
"5602","ca-ac","rally","4","1"
"5603","agile-central","rally","4","42"
"5604","oracle-service-cloud","rightnow-crm","0","0"
"5605","here-maps","here-api","0","64"
"5607","uhd","usrp","0","0"
"5609","apple-tvos","tvos","2","1"
"5610","jointable","join","4","383"
"5611","xamarin-forms","xamarin.forms","4","2020"
"5612","function-overloading","overloading","0","3"
"5613","bezier-curve","bezier","0","2"
"5614","google-recaptcha","recaptcha","2","47"
"5616","ecmascript-2015","ecmascript-6","4","55"
"5617","knppaginatorbundle","knppaginator","0","0"
"5618","gh-pages","github-pages","0","118"
"5619","play-json","playframework-json","0","0"
"5620","locals","local-variables","1","55"
"5621","vanilla-javascript","javascript","4","99"
"5624","javascript-module","javascript","4","22"
"5625","elastic","elasticsearch","4","851"
"5627","meteor.js","meteor","4","37"
"5628","kext","kernel-extension","0","51"
"5630","openshift-enterprise","openshift","3","25"
"5632","wallet","passbook","0","0"
"5633","camel","apache-camel","2","446"
"5634","string-split","split","4","1134"
"5635","shapedrawable","android-shapedrawable","0","0"
"5636","android-avd","android-virtual-device","1","5"
"5637","f#-make","f#-fake","0","1"
"5640","ia-32","x86","4","97"
"5641","non-ascii-chars","non-ascii-characters","0","0"
"5642","accented-strings","non-ascii-characters","0","1"
"5643","svgz","svg","4","17"
"5645","repeating","repeat","0","101"
"5646","swift2.1","swift2","4","283"
"5648","es2015","ecmascript-6","4","923"
"5649","genymotion-call","genymotion","0","0"
"5650","u-law","mu-law","0","0"
"5653","jdk9","java-9","0","34"
"5654","function-template","function-templates","0","4"
"5655","laravel-paginate","laravel-pagination","0","13"
"5656","jasperprint","jasper-reports","4","2"
"5658","dialogue","dialog","3","60"
"5659","android-6.0.1","android-6.0-marshmallow","3","0"
"5660","blade","laravel-blade","2","1550"
"5661","true-type-fonts","truetype","0","15"
"5662","case-expression","case","4","29"
"5663","case-statement","case","4","118"
"5664","phtml","php","4","69"
"5665","multipart","multipartform-data","2","0"
"5667","select2","jquery-select2","1","2709"
"5668","jrxml","jasper-reports","4","50"
"5670","text-analysis","nlp","4","745"
"5671","globbing","glob","3","18"
"5672","wordpress-plugin","wordpress","3","13665"
"5674","crontab","cron","5","4477"
"5675","wpdb","wordpress","3","482"
"5676","angular-services","angularjs-service","-1","0"
"5677","universal-time","utc","0","0"
"5678","custom-tag","custom-tags","0","0"
"5679","customtags","custom-tags","0","2"
"5680","angularjs-ng-show","ng-show","0","0"
"5684","def","function","0","564"
"5685","asp.net-5","asp.net-core","0","103"
"5686","asp.net-mvc-6","asp.net-core-mvc","0","137"
"5687","entity-framework-7","entity-framework-core","0","55"
"5688","asp.net-vnext","asp.net-core","0","4"
"5690","geocoding","geospatial","-1","0"
"5691","liquid-layout","fluid-layout","1","0"
"5693","komodo","komodo-ide","0","2"
"5694","yahoo-pipes","yql","0","0"
"5696","microsoft-reporting","reporting-services","3","13"
"5697","java-persistence-api","jpa","4","109"
"5701","android-framework","android","4","313"
"5703","shade","maven-shade-plugin","0","16"
"5704","testdrivendesign","tdd","4","10"
"5705","recyclerview-layout","android-recyclerview","4","820"
"5706","appc-ti","appcelerator-titanium","0","10"
"5707","titanium-android","appcelerator-titanium","0","0"
"5708","titanium-proxy","appcelerator-titanium","0","0"
"5709","fscanf","scanf","1","236"
"5710","sscanf","scanf","1","130"
"5711","db2i","db2-400","2","0"
"5712","appc-studio","appcelerator-studio","0","1"
"5713","appc-alloy","appcelerator-alloy","0","1"
"5714","vs-unit-testing-framework","mstest","3","19"
"5717","saml2","saml-2.0","0","102"
"5727","eager","eager-loading","1","0"
"5728","owl2","owl-carousel-2","0","0"
"5729","moss","sharepoint","3","4"
"5730","xrm","dynamics-crm","3","26"
"5731","pdi","kettle","1","0"
"5733","pad","padding","2","16"
"5735","rrd","rrdtool","0","0"
"5738","mvc5","asp.net-mvc-5","3","589"
"5739",".cs-file","c#","4","1"
"5743","menuitem","menu","1","0"
"5744","submenu","menu","1","0"
"5757","atscript","typescript","4","0"
"5758","uiresponder","resignfirstresponder","0","0"
"5760","c#-nameof","nameof","0","3"
"5764","reviews","review","0","156"
"5765","azure-mobile-app","azure-mobile-services","4","396"
"5766","bootstrap-framework","twitter-bootstrap","3","16"
"5767","d3js","d3.js","4","387"
"5768","es6-harmony","ecmascript-6","4","0"
"5772","firebase-android","firebase","4","7"
"5775","titanium-modules","appcelerator-titanium","0","0"
"5776","slimframework","slim","4","30"
"5777","negative-margin","margin","0","9"
"5778","uitableviewcelll","uitableview","0","1166"
"5779","simplexml-load-string","simplexml","3","6"
"5780","crashlytics-android","crashlytics","3","72"
"5781","graphael","raphael","0","0"
"5784","phonegap-plugins","cordova-plugins","0","0"
"5786","source-to-source","transpiler","0","3"
"5788","realmswift","realm","4","99"
"5789","azure-arm","azure-resource-manager","0","13"
"5790","project-oxford","azure-cognitive-services","0","5"
"5791","textureview","android-textureview","0","0"
"5792","mediarecorder","android-mediarecorder","0","0"
"5793","android-realm","realm","4","28"
"5794","realm-cocoa","realm","4","100"
"5796","excel-indirect","excel-formula","4","118"
"5797","excel-match","excel-formula","4","31"
"5799","packages","package","0","2976"
"5800","data.frame","dataframe","0","465"
"5801","mvc-core","asp.net-core-mvc","4","18"
"5803","intellij-2016.1","intellij-idea","0","8"
"5804","python-xray","python-xarray","0","0"
"5805","spring-junit","spring-test","4","11"
"5806","vertx.io","vert.x","0","1"
"5807","vertx","vert.x","0","288"
"5808","vertx3","vert.x","0","505"
"5809","onedefinitionrule","one-definition-rule","0","0"
"5810","odr","one-definition-rule","0","37"
"5811","visual-studio-online","azure-devops","0","36"
"5812","inline-if","conditional-operator","0","16"
"5813","ble","bluetooth-lowenergy","1","1545"
"5814","unity","unity-game-engine","0","23520"
"5815","swift2.2","swift2","3","338"
"5816","ansible-playbook","ansible","4","9758"
"5818","fabric-twitter","twitter-fabric","1","307"
"5819","gulp.watch","gulp-watch","0","3"
"5820","qt-connection","signals-slots","-1","0"
"5822","swift2.2.1","swift2","1","0"
"5824","amazonapi","amazon-api","0","1"
"5825","eventsource","server-sent-events","4","110"
"5827","sorted","sorting","4","541"
"5829","ibm-was-oc","websphere","-1","0"
"5830","google-analytics-filters","google-analytics","3","77"
"5831","xelement","linq-to-xml","2","35"
"5832","swift3.0","swift3","1","100"
"5835","date-sorting","sorting","4","193"
"5836","tcp-ip","tcp","1","1172"
"5837","restful-architecture","rest","4","770"
"5838","ecommerce","e-commerce","0","752"
"5839","random-sample","random","4","1448"
"5840","thrift-protocol","thrift","0","0"
"5842","corenlp","stanford-nlp","0","136"
"5843","google-protobuf","protocol-buffers","4","12"
"5844","agile-project-management","agile","0","28"
"5845","agile-processes","agile","0","10"
"5846","signing","digital-signature","2","125"
"5848","deeplink","deep-linking","1","362"
"5849","ibm-watson-cognitive","ibm-watson","0","25"
"5850","bluemix","ibm-cloud","4","435"
"5851","mobilefirst","ibm-mobilefirst","4","124"
"5852","cortana-analytics","cortana-intelligence","0","0"
"5853","cloudformation","aws-cloudformation","2","586"
"5854","managed-vm","google-managed-vm","0","0"
"5855","html-manipulation","dom-manipulation","2","4"
"5856","windows-phone-10","windows-10-mobile","0","5"
"5858","gundb","gun","0","0"
"5859","sqlexpress","sql-server-express","0","11"
"5865","static-array","arrays","3","55"
"5866","mysqldump","mysql","4","1977"
"5868","itextsharp","itext","4","4054"
"5869","wicket-6","wicket-1.6","0","0"
"5870","typedarray","typed-arrays","2","3"
"5871","ida-pro","ida","1","2"
"5872","sql-azure","azure-sql-database","1","4"
"5873","url-redirection","http-redirect","4","2453"
"5875","lexer","lexical-analysis","-1","0"
"5876","d3v4","d3.js","4","341"
"5877","jquery-draggable","jquery-ui-draggable","0","164"
"5878","jquery-droppable","jquery-ui-droppable","0","52"
"5879","jquery-autocomplete","jquery-ui-autocomplete","0","542"
"5880","jquery-tabs","jquery-ui-tabs","0","71"
"5881","select-menu","jquery-ui-selectmenu","0","77"
"5882","jquery-slider","jquery-ui-slider","0","47"
"5883","jquery-spinner","jquery-ui-spinner","0","5"
"5884","jquery-tooltip","jquery-ui-tooltip","0","97"
"5885","latin1","iso-8859-1","0","164"
"5886","utf8-decode","utf-8","0","196"
"5887","jquery-dialog","jquery-ui-dialog","1","72"
"5888","jquery-resizable","jquery-ui-resizable","1","24"
"5889","protoc","protocol-buffers","0","0"
"5892","jquery-widget-factory","jquery-ui-widget-factory","0","8"
"5893","selectable","jquery-ui-selectable","0","91"
"5894","jquery-ui-menubar","jquery-ui-menu","0","2"
"5895","jquery-accordion","jquery-ui-accordion","0","0"
"5896","query-plans","sql-execution-plan","0","0"
"5897","explain-plan","sql-execution-plan","0","14"
"5898","query-execution-plans","sql-execution-plan","0","29"
"5899","query-plan","sql-execution-plan","0","4"
"5900","execution-plan","sql-execution-plan","0","17"
"5901","findall-prolog","prolog-findall","0","0"
"5904","alexa-skill","alexa-skills-kit","2","81"
"5905","realm-net","realm","4","17"
"5908","javax.ws.rs","jax-rs","4","20"
"5909","oraclejdk","java","4","152"
"5911","apache-hive","hive","4","272"
"5912","dragon-naturallyspeaking","naturallyspeaking","0","0"
"5913","userdefaults","nsuserdefaults","1","0"
"5916","jdt","eclipse-jdt","0","38"
"5917","bytearray","arrays","4","3389"
"5918","pixi","pixi.js","0","59"
"5919","sourcetree","atlassian-sourcetree","1","823"
"5920","jsonobject","json","4","1975"
"5922","laravel-5.2","laravel-5","4","1155"
"5923","laravel-5.3","laravel-5","4","197"
"5925","windows-bash","windows-subsystem-for-linux","0","3"
"5926","ubuntu-on-windows","windows-subsystem-for-linux","0","8"
"5927","dotnetcore",".net-core","4","391"
"5929","microsoft.codeanalysis","roslyn","2","0"
"5930","frontcontroller","front-controller","0","2"
"5931","gang-of-four","design-patterns","4","50"
"5932","push-api","web-push","1","0"
"5933","processingjs","processing.js","0","14"
"5934","data-access-object","dao","1","0"
"5935","json-web-token","jwt","4","849"
"5936","gawk","awk","4","902"
"5937","language-integrated-query","linq","0","0"
"5938","ultragrid","ultrawingrid","0","7"
"5939","spring-web","spring-mvc","4","732"
"5940","table-valued-function","user-defined-functions","0","5"
"5941","table-value-function","user-defined-functions","0","1"
"5942","table-value-functions","user-defined-functions","0","0"
"5943","ddk","wdk","0","6"
"5944","google-maps-api-v3","google-maps-api-3","0","4"
"5945","colour","colors","0","331"
"5946","colours","colors","0","71"
"5947","oo","oop","0","63"
"5948","object-orientation","oop","0","7"
"5949","ood","oop","0","22"
"5950","rng","random","0","100"
"5951","gems","rubygems","0","98"
"5952","datatype","types","0","712"
"5953","links","hyperlink","0","1040"
"5954","networks","network-programming","0","373"
"5963","rx.net","system.reactive","1","0"
"5964","azuread","azure-active-directory","4","318"
"5965","netflix-feign","feign","0","108"
"5966","fsharp.data.typeproviders","f#-data","0","0"
"5967","ecs","amazon-ecs","0","673"
"5969","unparseable","parseexception","0","0"
"5970","sede","dataexplorer","0","1"
"5971","main-activity","android-activity","4","191"
"5972","swift2.3","swift2","4","1"
"5975","revolution-r","microsoft-r","0","50"
"5976","yahoo-api","yql","0","0"
"5979","lisp-macros","macros","1","0"
"5980","scala-macros","macros","1","0"
"5981","fps","frame-rate","0","391"
"5983","phaser.io","phaser-framework","-1","0"
"5984","oauth2","oauth-2.0","0","2041"
"5987","compiler-design","compiler-construction","2","21"
"5988","polymer-1.x","polymer-1.0","2","0"
"5991","vuejs","vue.js","4","6728"
"5992","dcos","mesosphere","0","0"
"5994","google-consumer-surveys","google-surveys","0","1"
"5996","react-jsx","reactjs","5","3593"
"5997","py2to3","python-2to3","0","0"
"5998","2to3","python-2to3","0","17"
"5999","template-strings","template-literals","3","0"
"6000","ios2","iphone-sdk-2","0","0"
"6001","qstylesheet","qtstylesheets","0","15"
"6002","splines","spline","4","131"
"6004","bspline","spline","2","72"
"6005","cubic-spline","spline","2","63"
"6007","foxpro","visual-foxpro","-1","0"
"6008","integral","numerical-integration","-1","0"
"6009","multiple-regression","linear-regression","4","298"
"6010","dotnet-core",".net-core","1","86"
"6011","mongodb-aggregation","aggregation-framework","4","1283"
"6012","dynamic-css","css","4","60"
"6013","pkcs12","pkcs#12","0","116"
"6014","aws-rds","amazon-rds","1","951"
"6015","python-3.5.2","python-3.5","0","18"
"6018","css-borders","css","0","0"
"6019","jenkins-workflow","jenkins-pipeline","5","515"
"6020","jenkinsfile","jenkins-pipeline","5","1670"
"6021","javaassist","javassist","0","1"
"6023","memorystream","stream","0","0"
"6024","highstock","highcharts","4","705"
"6025","highmaps","highcharts","4","275"
"6026","swift3.0.1","swift3","3","0"
"6027","web-control","web-controls","0","8"
"6028","principal-components","pca","4","130"
"6030","d3.js-v4","d3.js","4","283"
"6031","skus","sku","0","5"
"6032","xcode8.1","xcode8","4","3"
"6033","params","parameters","0","721"
"6034","param","parameters","0","123"
"6036","wildcard-expansion","glob","2","0"
"6037","gorilla-toolkit","gorilla","1","0"
"6038","asp.net-core-1.1","asp.net-core-1.0","0","0"
"6039","trait","traits","0","222"
"6040","jade","pug","0","469"
"6041","curvesmoothing","smoothing","3","29"
"6042","princomp","pca","4","19"
"6043","smooth","smoothing","4","403"
"6044","loess","spline","0","0"
"6045","polynomial-math","polynomials","0","0"
"6046","insert-into","sql-insert","4","505"
"6047","swift3.0.2","swift3","4","54"
"6048","cocos2d-x-3.x","cocos2d-x-3.0","0","0"
"6049","system.js","systemjs","1","0"
"6050","xcode8-beta2","xcode8","2","0"
"6051","xcode8-beta3","xcode8","2","0"
"6052","xcode8-beta4","xcode8","2","0"
"6053","xcode8-beta5","xcode8","2","0"
"6054","xcode8-beta6","xcode8","2","0"
"6055","xcode8.2","xcode8","3","1"
"6056","htl","sightly","4","91"
"6057","codeigniter-hmvc","codeigniter","4","98"
"6060","vs-2015-preview","visual-studio-2015","4","8"
"6061","mqseries","ibm-mq","0","8"
"6062","websphere-mq","ibm-mq","0","10"
"6063","exponents","exponent","0","27"
"6064","libreadline","readline","0","0"
"6065","vs2013-update-4","visual-studio-2013","3","0"
"6066","vs-2013-update-2","visual-studio-2013","3","0"
"6067","vs2010-express","visual-studio-2010","4","2"
"6069","tfs-vnext","azure-pipelines","4","0"
"6071","aws-iam","amazon-iam","3","783"
"6072","zf3","zend-framework3","0","133"
"6073","addclass","jquery","4","544"
"6075","zookeeper","apache-zookeeper","0","747"
"6076","php-include","php","4","292"
"6077","aws-java-sdk","aws-sdk","1","0"
"6078","templates-deduction","template-argument-deduction","0","0"
"6079","laravel-eloquent","eloquent","4","3820"
"6080","chrome-web-driver","selenium-chromedriver","-1","0"
"6081","ant-design","antd","0","71"
"6082","keystone.js","keystonejs","0","9"
"6083","ia64","itanium","0","0"
"6084","vso-build","azure-pipelines","4","0"
"6085","visual-studio-2010-sp1","visual-studio-2010","4","1"
"6086","visual-studio-2010-rc","visual-studio-2010","4","1"
"6087","visual-studio-2010-beta-1","visual-studio-2010","4","0"
"6088","visual-studio-2010-beta-2","visual-studio-2010","4","2"
"6089","mtm","microsoft-test-manager","0","55"
"6090","geojason","geojson","0","4"
"6091","android-proguard","proguard","1","677"
"6095","viml","vim","4","91"
"6096","botbuilder","botframework","4","671"
"6097","botconnector","botframework","4","31"
"6098","gmaven","gmaven-plugin","0","0"
"6099","mtproto","telegram","1","0"
"6100","pugjs","pug","3","174"
"6103","dsx","data-science-experience","4","96"
"6104","zul","zk","0","0"
"6105","qwebkit","qtwebkit","1","0"
"6107","customizing","customization","1","0"
"6108","collisions","collision","0","126"
"6109","interact-js","interact.js","0","1"
"6110","cloudwatch","amazon-cloudwatch","3","558"
"6111","cells","cell","0","522"
"6112","vectordrawable","android-vectordrawable","0","3"
"6114","select-query","select","4","256"
"6115","windows-applications","windows","4","866"
"6117","force.com","salesforce","1","0"
"6119","contactscontract","android-contacts","0","48"
"6122","vue2","vuejs2","4","189"
"6123","css-font-weight","css","0","0"
"6124","surefire","maven-surefire-plugin","0","183"
"6125","html-dataset","custom-data-attribute","0","0"
"6126","toggleclass","jquery","0","350"
"6127","removeclass","jquery","0","356"
"6130","android-virtual-keyboard","virtual-keyboard","0","0"
"6131","indesign","adobe-indesign","0","194"
"6132",".bash-profile","bash","4","662"
"6133","bash-function","bash","4","68"
"6135","watir-webdriver","watir","4","147"
"6137","blogspot","blogger","1","297"
"6138","pillow","python-imaging-library","4","3234"
"6139","cythonize","cython","0","0"
"6140","google-spanner","google-cloud-spanner","1","0"
"6141","icpc","icc","0","22"
"6142","intel-c++","icc","0","0"
"6143","composite-c1","c1-cms","0","2"
"6145","udf","user-defined-functions","0","501"
"6147","key-events","keyevent","0","63"
"6148","strongloop","loopbackjs","0","0"
"6149","python-coverage","coverage.py","0","68"
"6151","messagepack","msgpack","0","134"
"6152","visual-studio-community","visual-studio","4","325"
"6154","visual-studio-2015-comm","visual-studio-2015","1","2"
"6155","visual-studio-2015-ce","visual-studio-2015","0","0"
"6158","rro","microsoft-r","0","0"
"6161","jquery-after","jquery","4","20"
"6162","elastic-load-balancer","amazon-elb","2","476"
"6163","plt","matplotlib","4","277"
"6164","database-trigger","triggers","4","848"
"6165","ipp","intel-ipp","0","54"
"6166","filenet-cpe","filenet-content-engine","0","0"
"6167","bulletphysics","bullet","0","0"
"6168","http-request","httprequest","0","376"
"6169","dotnetnuke-module","dotnetnuke","0","65"
"6170","dotnetnuke-settings","dotnetnuke","0","6"
"6171","sign","digital-signature","2","80"
"6172","adb-shell","adb","3","3"
"6173","fcm","firebase-cloud-messaging","4","571"
"6174","transactional","transactions","1","605"
"6175","skimage","scikit-image","0","198"
"6177","svg-path","svg","0","265"
"6178","espresso","android-espresso","2","221"
"6179","exponentjs","expo","1","0"
"6180","tabpanel","tabs","4","65"
"6181","angular1.6","angularjs-1.6","1","0"
"6182","jquery-callback","jquery","4","146"
"6184","jquery-get","jquery","4","16"
"6185","jquery-post","jquery","4","38"
"6187","swift3.1","swift3","4","120"
"6188","stanford-parser","stanford-nlp","4","276"
"6189","corenlp-server","stanford-nlp","4","145"
"6190","aws-sdk-js","aws-sdk","1","0"
"6191","jquery-find","jquery","4","0"
"6193","css-grids","css-grid","0","7"
"6194","brace-initialization","list-initialization","1","0"
"6196","aws-sdk-cpp","aws-sdk","1","0"
"6200","ssdt","sql-server-data-tools","2","110"
"6201","bll","business-logic-layer","0","13"
"6202","office365-restapi","office365api","0","262"
"6204","jquery-css","jquery","4","1"
"6207","jquery-on","jquery-events","2","2"
"6208","hashalgorithm","hash","4","31"
"6211","angular2","angular","0","6818"
"6212","angular4","angular","0","12229"
"6213","angular4.x","angular","0","650"
"6216","angular1.x","angularjs","0","9"
"6217","apache-sqoop","sqoop","1","92"
"6218","jquery-hasclass","jquery","0","0"
"6219","ipython-notebook","jupyter-notebook","4","769"
"6220","hadoop-2.7.2","hadoop2","0","0"
"6223","c5","concrete5","0","0"
"6226","stanford-nlp-server","stanford-nlp","4","162"
"6228","fabric-composer","hyperledger-composer","0","1"
"6229","show","show-hide","0","0"
"6230","hide","show-hide","0","0"
"6231","android-install-apk","apk","4","228"
"6232","gcp","google-cloud-platform","4","6420"
"6233","numba-pro","numba","0","0"
"6234","reddit-api","reddit","1","14"
"6236","string-hashing","hash","4","107"
"6237","vs2017","visual-studio-2017","0","430"
"6238","pecl","pear","0","0"
"6239","prepare","prepared-statement","0","173"
"6240","cgridview","yii","-1","0"
"6241","huffman-coding","huffman-code","0","4"
"6242","ember-cli-addons","ember-addon","0","0"
"6243","eventviewer","event-viewer","0","16"
"6244","ews","exchangewebservices","0","288"
"6245","exchangews","exchangewebservices","0","0"
"6246","slick-carousel","slick.js","0","22"
"6247","slick-js","slick.js","0","2"
"6250","amazon-cloudwatch-metrics","amazon-cloudwatch","4","539"
"6251","ms-graph","microsoft-graph-api","1","21"
"6252","azure-documentdb","azure-cosmosdb","4","319"
"6253","unity2d","unity-game-engine","4","6785"
"6254","unity5.3","unity-game-engine","4","18"
"6255","jasper","jasper-reports","4","515"
"6258","twitter-rest-api","twitter","0","20"
"6262","android.harware.camera2","android-camera2","0","1"
"6263","camera2","android-camera2","0","407"
"6264","aiql","ms-app-analytics","0","0"
"6268","quality-center","hp-quality-center","0","0"
"6269","ajax-form","ajaxform","0","0"
"6270","digest","hash","4","222"
"6271","dynamodb","amazon-dynamodb","3","630"
"6272","css-flexbox","flexbox","4","1"
"6273","money","currency","0","238"
"6275","aws-cognito","amazon-cognito","1","1963"
"6276","first-of-type","css-selectors","0","15"
"6277","last-of-type","css-selectors","0","3"
"6278","tensorflow-gpu","tensorflow","4","2773"
"6279","annotation-processor","annotation-processing","2","20"
"6281","kafka-streams","apache-kafka-streams","4","87"
"6283","charts.js","chart.js","0","42"
"6284","data-extraction","extract","3","366"
"6285","extraction","extract","4","470"
"6286","remote-notifications","push-notification","4","20"
"6289","substrings","substring","0","71"
"6290","codemirror-modes","codemirror","1","0"
"6291","non-standard-evaluation","nse","2","0"
"6292","normalisation","normalization","1","32"
"6294","ember-cp-validation","ember-cp-validations","0","1"
"6297","dict-comprehension","dictionary-comprehension","0","52"
"6298","azure-graph-api","azure-ad-graph-api","0","4"
"6300","angularjs-ng-if","angular-ng-if","-1","0"
"6302","jenkins-shared-libraries","jenkins-pipeline","0","0"
"6303","hyperledger","hyperledger-fabric","0","0"
"6304","azure-directory-b2c","azure-ad-b2c","2","1"
"6307","directx-12","direct3d12","0","0"
"6308","cryptographichashfunction","cryptographic-hash-function","0","0"
"6309","vs-team-services","azure-devops","0","2"
"6310","visual-studio-team-services","azure-devops","0","11"
"6311","ui-grid","angular-ui-grid","0","0"
"6312","hana-studio","hana","0","0"
"6313","hana-sql-script","hana","0","0"
"6314","hana-xs","hana","0","0"
"6315","subdomains","subdomain","0","64"
"6316","microsoftgraph","microsoft-graph-api","0","149"
"6317","onedrive-api","onedrive","0","31"
"6318","variadic-parameter","variadic-functions","0","0"
"6319","variable-length-arguments","variadic-functions","0","2"
"6320","va-list","variadic-functions","0","13"
"6321","va-arg","variadic-functions","0","4"
"6322","pe","portable-executable","0","77"
"6323","wscript","wsh","0","48"
"6324","cscript","wsh","0","33"
"6325","wsf","wsh","0","12"
"6326","materializecss","materialize","0","129"
"6327","materialize-css","materialize","0","19"
"6328","materialize-js","materialize","0","0"
"6329","event-listeners","event-listener","0","2"
"6330","eventlistener","event-listener","0","262"
"6332","member-function","member-functions","0","16"
"6333","mongocsharpdriver","mongodb-.net-driver","0","2"
"6334","mongo-csharp-driver","mongodb-.net-driver","0","1"
"6335","mongodb-csharp","mongodb-.net-driver","0","1"
"6336","intellij-idea-15","intellij-15","0","0"
"6337","painless","elasticsearch-painless","0","47"
"6339","parametrized-constructor","parameterized-constructor","0","0"
"6340","emulate","emulation","0","27"
"6341","emulator","emulation","0","1433"
"6342","static-function","static-functions","0","5"
"6343","objc-bridging-header","bridging-header","0","32"
"6345","wordpress-shortcode","shortcode","0","0"
"6346","vr","virtual-reality","0","423"
"6347","osk","on-screen-keyboard","0","7"
"6348","amazon-cloudformation","aws-cloudformation","0","20"
"6349","angular2-material","angular-material2","4","0"
"6351","rails5","ruby-on-rails-5","1","85"
"6352","rds","amazon-rds","4","555"
"6353","torrent","bittorrent","1","0"
"6354","multi-monitor","multiple-monitors","0","3"
"6355","dual-monitors","multiple-monitors","0","2"
"6356","dual-monitor","multiple-monitors","0","4"
"6357","rmarkdown","r-markdown","0","1018"
"6358","ef-core","entity-framework-core","2","207"
"6359","sql2016","sql-server-2016","0","18"
"6360","xcode8.3","xcode8","0","3"
"6361","xcode8.3.3","xcode8","0","3"
"6362","xcode8.3.2","xcode8","0","0"
"6363","rest-api","rest","0","1078"
"6364","jasper-plugin","jasper-reports","0","0"
"6365","ui5","sapui5","0","250"
"6366","sapui","sapui5","0","16"
"6367","openui5","sapui5","0","116"
"6368","drf","django-rest-framework","0","675"
"6369","bs4","beautifulsoup","0","2172"
"6371","jquery-click-event","jquery-events","2","5"
"6372","microsoft-cognitive","azure-cognitive-services","2","0"
"6373","ms-dos","dos","0","64"
"6374","freedos","dos","0","12"
"6375","pc-dos","dos","0","0"
"6376","8086","x86-16","0","364"
"6377","8088","x86-16","0","6"
"6378","8087","x87","0","2"
"6379","8087cw","x87","0","0"
"6380","pentium","x86","0","9"
"6383","android-layout-xml","android-layout","1","5"
"6385","androidstudio-settings","android-studio","4","40"
"6386","share-intent","android-intent","0","0"
"6389","css-custom-properties","css-variables","0","4"
"6390","nifi","apache-nifi","4","740"
"6392","az-application-insights","azure-application-insights","0","0"
"6393","ms-application-insights","azure-application-insights","0","8"
"6394","firebase-firestore","google-cloud-firestore","4","206"
"6395","firestore","google-cloud-firestore","4","7376"
"6396","firebase-functions","google-cloud-functions","4","220"
"6397","windows-azure-queues","azure-queues","0","0"
"6398","windows-azure-diagnostics","azure-diagnostics","0","0"
"6399","windows-azure-networking","azure-virtual-network","0","0"
"6400","azure-networking","azure-virtual-network","0","8"
"6401","windows-azure-pack","azure-pack","0","0"
"6402","windows-azure-connect","azure-connect","0","0"
"6403","cloud-firestore","google-cloud-firestore","4","108"
"6404","firebase-cloud-firestore","google-cloud-firestore","4","28"
"6405","chartjs-2.6.0","chart.js2","1","0"
"6406","api.ai","dialogflow-es","2","5"
"6408","xarray","python-xarray","4","1132"
"6409","data-type-conversion","type-conversion","0","4"
"6410","wsl","windows-subsystem-for-linux","0","1333"
"6411","linking-errors","linker-errors","0","3"
"6412","link-errors","linker-errors","0","3"
"6415","multiple-definitions","multiple-definition-error","0","0"
"6416","dwm-api","dwm","0","0"
"6417","laravel-5.4","laravel-5","4","293"
"6418","laravel-5.5","laravel-5","4","317"
"6419","typeconverting","type-conversion","0","2"
"6420","android-arch","android-architecture-components","0","12"
"6421","android-arch-lifecycle","android-architecture-lifecycle","0","3"
"6422","auxil-excel-add-in","invantive-control","0","0"
"6423","openlink-virtuoso","virtuoso","3","20"
"6425","ajax-request","ajax","4","78"
"6428","bluemix-appid","ibm-appid","0","0"
"6429","firebase-cloud-functions","google-cloud-functions","4","3161"
"6430","carto-mobile","nutiteq","0","0"
"6431","elastic-beanstalk","amazon-elastic-beanstalk","2","1315"
"6434","vue","vue.js","0","14316"
"6435","unity3d-5","unity-game-engine","4","26"
"6436","unity5","unity-game-engine","4","4292"
"6437","apache-cordova","cordova","4","44"
"6439","visualstyles","visual-styles","0","0"
"6440","aldryn","divio","0","7"
"6441","google-cloud-ml-engine","google-cloud-ml","4","534"
"6442","javaslang","vavr","0","1"
"6443","amazon-sts","aws-sts","0","1"
"6449","codeigniter-hooks","codeigniter","4","2"
"6450","codeigniter-helpers","codeigniter","4","9"
"6451","codeigniter-upload","codeigniter","2","0"
"6452","aws-vpc","amazon-vpc","2","559"
"6453","duckduckgo-search","duckduckgo","0","0"
"6454","atlassian-stash","bitbucket-server","0","0"
"6455","atlassian-bitbucketserver","bitbucket-server","0","1"
"6456","scylladb","scylla","3","35"
"6457","jdk1.8.0","java-8","4","58"
"6458","build.gradle.kts","gradle-kotlin-dsl","0","161"
"6460","pythonnet","python.net","1","297"
"6461","visual-studio-for-mac","visual-studio-mac","1","50"
"6462","asp.net-boilerplate","aspnetboilerplate","1","21"
"6464","vs-app-center","visual-studio-app-center","1","0"
"6465","aws-redshift","amazon-redshift","3","644"
"6466","spring-config","spring","4","399"
"6467","google-plus-one","google-plus","0","0"
"6468","firebase-anonymous-authentication","firebase-authentication","3","0"
"6469","mongolab","mlab","0","1"
"6470","mayavi-mlab","mayavi.mlab","0","0"
"6471","factory-girl","factory-bot","0","4"
"6472","datapicker","datepicker","2","15"
"6473","firebase-notifications","firebase-cloud-messaging","3","105"
"6474","google-container-engine","google-kubernetes-engine","1","119"
"6475","dynamics-365-sales","dynamics-365","0","0"
"6477","parsexml","xml-parsing","4","9"
"6478","google-guava-cache","guava","3","144"
"6480","ibm-bluemix","ibm-cloud","0","63"
"6481","bluemix-mobile-services","ibm-mobile-services","0","0"
"6482","bluemixtools","ibm-cloud-tools","0","0"
"6483","bluemix-plugin","ibm-cloud-plugin","0","0"
"6484","osx","macos","0","1154"
"6485","rnn","recurrent-neural-network","4","946"
"6486","non-printable","non-printing-characters","0","24"
"6487","validating","validation","0","49"
"6489","coinbase","coinbase-api","0","253"
"6490","gdax","gdax-api","0","12"
"6491","c++2a","c++20","2","7"
"6492","scrollwheel","mousewheel","0","22"
"6493","xmm","sse","3","6"
"6494","facebook-account-kit","account-kit","0","116"
"6495","turboc++","turbo-c++","0","13"
"6496","azure-web-sites","azure-web-app-service","2","2"
"6497","optional-arguments","optional-parameters","4","63"
"6498","dynamics-crm-365","dynamics-365","0","0"
"6499","microsoft-dynamics-webapi","dynamics-crm-webapi","0","57"
"6500","pip3","pip","0","959"
"6502","spring-jpa","spring-data-jpa","4","36"
"6506",".net-standard2.0",".net-standard-2.0","0","0"
"6508","c++1z","c++17","0","29"
"6509","apache-airflow","airflow","4","3692"
"6510","vtl","apache-velocity","0","0"
"6512","asprepeater","repeater","0","0"
"6513","leaflet-r","r-leaflet","0","2"
"6514","firebase-cli","firebase-tools","2","89"
"6515","square-connect","square","0","0"
"6517","aws-kms","amazon-kms","0","382"
"6519","aws-ses","amazon-ses","0","17"
"6520","openjdk","java","4","2455"
"6521","watir-classic","watir","2","0"
"6522","google-python-api","google-api-python-client","0","167"
"6523","q-lang","kdb+","4","237"
"6524","dotq","kdb+","2","0"
"6525","aspnet-core","asp.net-core","4","66"
"6526","owlim","graphdb","0","0"
"6527","twitter-bootstrap-4","bootstrap-4","4","453"
"6528","firebase-security-rules","firebase-security","2","17"
"6529","reasonml","reason","4","167"
"6530","word-web-addins","office-js","0","0"
"6531","outlook-web-addins","office-js","0","0"
"6533","wix.com","velo","0","19"
"6534","mingw64","mingw-w64","0","68"
"6535","piwik","matomo","0","17"
"6537","icarus","iverilog","1","0"
"6538","aspxgridview","gridview","0","0"
"6539","nested-repeater","repeater","0","0"
"6540","nested-gridview","gridview","0","0"
"6541","gce","google-compute-engine","0","86"
"6542","aws-athena","amazon-athena","1","25"
"6543","linq-query-syntax","linq","4","51"
"6544","ios-autolayout","autolayout","0","175"
"6545","db2400","db2-400","0","10"
"6546","radius-protocol","radius","0","32"
"6547","kronos-wfc","kronos-workforce-central","0","1"
"6549","rdfstore","triplestore","0","0"
"6551","dgrid","dojo","-1","0"
"6552","fluent-entity-framework","entity-framework","4","9"
"6553","entity-framework-designer","entity-framework","4","3"
"6554","sql-to-entity-framework","entity-framework","4","0"
"6556","firewatir","watir","0","0"
"6557","phpdocumenter","phpdoc","0","0"
"6558","aws-ecs","amazon-ecs","0","436"
"6560","binder","android-binder","4","70"
"6563","softlayer","ibm-cloud-infrastructure","0","40"
"6564","d3v5","d3.js","4","15"
"6566","opencobol","gnucobol","0","5"
"6567","gnu-cobol","gnucobol","0","0"
"6568","watson-conversation","watson-assistant","3","365"
"6569","webflow-js","webflow","0","0"
"6570","webflow-css","webflow","0","0"
"6572","android-broadcastreceiver","broadcastreceiver","1","645"
"6573","openshift-client-tools","openshift","2","0"
"6574","k8s","kubernetes","0","1124"
"6575","signalr-core","asp.net-core-signalr","0","3"
"6576","builtin","built-in","0","40"
"6577","linked-data-platform","linked-data","0","0"
"6578","serviceconnection","android-binder","-1","0"
"6581","piping","pipe","2","227"
"6582","wearos","wear-os","0","88"
"6583","android-wear","wear-os","0","10"
"6584","navigationbar","navbar","2","0"
"6585","es2017","ecmascript-2017","2","0"
"6586","prestodb","presto","4","231"
"6587","slf4j-api","slf4j","1","20"
"6588","posix-api","posix","4","16"
"6589","javax","java","3","624"
"6590","completion","code-completion","0","0"
"6591","kotlin-generics","generics","4","180"
"6592","idiomatic","idioms","0","10"
"6593","android-studio-plugin","intellij-plugin","2","7"
"6594","react-admin","admin-on-rest","0","0"
"6598","kafka-streams-scala","apache-kafka-streams","4","73"
"6599","memory-order","memory-barriers","1","22"
"6600","rbindlist","data.table","4","36"
"6602","ifft","fft","4","161"
"6603","implicits","implicit","1","106"
"6605","factorygirl","factory-bot","0","2"
"6606","scala-implicits","implicit","1","30"
"6607","ppc","powerpc","0","36"
"6608","unique-id","uniqueidentifier","3","24"
"6609","application-lifecycle","lifecycle","0","0"
"6610","tapply","apply","1","0"
"6611","mata","stata","1","13"
"6612","uisplitview","uisplitviewcontroller","1","0"
"6613","spring-mongo","spring-mongodb","0","0"
"6614","macosmojave","macos-mojave","0","2"
"6615","hdd","hard-drive","0","274"
"6616","dat","dat-protocol","0","105"
"6617","asynchronously","asynchronous","0","5"
"6618","cognito","amazon-cognito","1","811"
"6620","spark-structured-streaming","structured-streaming","0","0"
"6622","jquery-multiselect","jquery-ui-multiselect","0","58"
"6623","jquery-filter","jquery","4","20"
"6624","jquery-effects","jquery","4","8"
"6625","code-timing","benchmarking","0","0"
"6626","spark-framework","spark-java","0","18"
"6627","pentaho-data-integration","pentaho-spoon","0","0"
"6630","tez","apache-tez","0","83"
"6632","exception-handling","exception","4","4905"
"6633","argument-deduction","template-argument-deduction","0","0"
"6634","convolutional-neural-network","conv-neural-network","0","1263"
"6635","emr","amazon-emr","0","859"
"6636","elastic-map-reduce","amazon-emr","0","76"
"6638","dask.distributed","dask-distributed","0","36"
"6639","aws-sns","amazon-sns","0","163"
"6640","eclipse-webtools","eclipse-wtp","0","0"
"6642","nextjs","next.js","0","7041"
"6643","watson","ibm-watson","0","535"
"6644","qweb","odoo-qweb","0","0"
"6645","qweb-report","odoo-qweb","0","0"
"6647","vuetify","vuetify.js","0","1335"
"6651","google-spreadsheet-api","google-sheets-api","0","920"
"6652","rational-numbers","rational-number","0","37"
"6653","visjs","vis.js","0","23"
"6654","revisions","revision","0","26"
"6655","aws-sqs","amazon-sqs","4","12"
"6656","data-visualization","visualization","2","2850"
"6657","slack","slack-api","1","0"
"6658","oidc","openid-connect","1","280"
"6659","dxl","ibm-doors","0","101"
"6660","doors","ibm-doors","0","55"
"6661","function-calls","function-call","0","127"
"6662","entity-framework-core-2.1","ef-core-2.1","0","0"
"6663","firestore-rules","firebase-security","1","12"
"6665","tvp","table-valued-parameters","0","8"
"6666","stripe.js","stripe-payments","4","258"
"6667","stripe-connect","stripe-payments","4","1627"
"6668","stripe.net","stripe-payments","4","123"
"6669","paypal-express","paypal","0","3"
"6670","pwa","progressive-web-apps","0","2047"
"6671","check-constraint","check-constraints","0","77"
"6672","material-design-light","material-design-lite","0","0"
"6674","amazon-device-farm","aws-device-farm","0","0"
"6676","analog-digital-converter","adc","0","101"
"6677","file-moving","file-move","0","39"
"6678","android-pie","android-9.0-pie","0","10"
"6679","android-p","android-9.0-pie","0","2"
"6680","mapkitannotation","mkannotation","1","0"
"6681","mkmapviewdelegate","mkmapview","0","0"
"6683","postfix","postfix-mta","0","1473"
"6684","mws","amazon-mws","0","100"
"6685","azure-storage-blobs","azure-blob-storage","2","1"
"6687","graphic","graphics","0","291"
"6691","mysqlsh","mysql","4","32"
"6692","numerical","numeric","0","369"
"6693","numerics","numeric","0","31"
"6694","ghost","ghost-blog","0","345"
"6695","android-collapsingtoolbar","android-collapsingtoolbarlayout","0","0"
"6696","collapsingtoolbarlayout","android-collapsingtoolbarlayout","0","12"
"6697","py","python","4","957"
"6698","apache-ignite","ignite","5","109"
"6699","clocks","clock","0","3"
"6700","data-stores","datastore","0","0"
"6701","uwp-community-toolkit","windows-community-toolkit","0","0"
"6702","models","model","0","1470"
"6703","views","view","0","1191"
"6704","controllers","controller","0","282"
"6705","connections","connection","0","121"
"6706","mappings","mapping","0","30"
"6707","clients","client","0","54"
"6708","sliders","slider","0","68"
"6709","formats","format","0","36"
"6710","chars","char","0","60"
"6711","form-authentication","forms-authentication","0","60"
"6712","words","cpu-word","0","461"
"6713","setting","settings","0","180"
"6714","scrollbars","scrollbar","0","99"
"6715","screens","screen","0","43"
"6716","labels","label","0","981"
"6717","versions","version","0","173"
"6718","overrides","overriding","0","40"
"6719","overlays","overlay","0","71"
"6720","projects","project","0","222"
"6721","lines","line","0","598"
"6722","drivers","driver","0","513"
"6723","listeners","listener","0","117"
"6724","blobs","blob","0","52"
"6725","ports","port","0","256"
"6727","tensorflow-js","tensorflow.js","0","2"
"6728","kr-c","kernighan-and-ritchie","0","13"
"6729","coordinate","coordinates","0","228"
"6730","limits","limit","0","261"
"6731","panels","panel","0","70"
"6732","handlers","handler","0","73"
"6733","contact","contacts","0","542"
"6734","defaults","default","0","58"
"6735","externals","external","0","16"
"6736","messages","message","0","400"
"6737","documents","document","0","182"
"6738","android-architecture-workmanager","android-workmanager","2","0"
"6739","digital-certificate","certificate","0","318"
"6740","javax.sound.sampled","javasound","0","0"
"6741","javax.sound.midi","javasound","0","0"
"6743","elk-stack","elastic-stack","0","9"
"6744","states","state","0","142"
"6745","feeds","feed","0","52"
"6746","parents","parent","0","31"
"6748","instances","instance","0","270"
"6749","mvcrazor","razor","3","1"
"6750","bit-fiddling","bit-manipulation","0","1"
"6751","arraycopy","arrays","4","21"
"6752","doctrine-dbal","dbal","0","0"
"6753","photos","photo","0","421"
"6754","toolbars","toolbar","0","12"
"6755","sequences","sequence","0","343"
"6756","filestreams","filestream","0","19"
"6757","profiles","profile","0","86"
"6758","resolutions","resolution","0","14"
"6759","polygons","polygon","0","530"
"6760","converter","converters","0","2872"
"6761","forums","forum","0","65"
"6762","diagrams","diagram","0","78"
"6763","pixels","pixel","0","598"
"6764","records","record","0","280"
"6765","role","roles","0","364"
"6766","relationships","relationship","0","616"
"6767","targets","target","0","121"
"6768","controltemplates","controltemplate","0","4"
"6769","control-template","controltemplate","0","8"
"6770","environments","environment","0","101"
"6771","shortcuts","shortcut","0","317"
"6772","subviews","subview","0","27"
"6773","helpers","helper","0","432"
"6774","java.time","java-time","3","13"
"6775","contain","contains","0","56"
"6776","metatag","html-meta","0","41"
"6777","virtualhosts","virtualhost","0","9"
"6779","virtual-hosts","virtualhost","0","113"
"6780","requires","require","0","55"
"6781","definitions","definition","0","36"
"6782","monitors","monitor","0","53"
"6783","webservices-client","webservice-client","0","82"
"6784","firebase-database","firebase-realtime-database","0","203"
"6785","rule","rules","0","343"
"6786","handles","handle","0","32"
"6787","gestures","gesture","0","193"
"6788","wraps","wrap","0","0"
"6789","itemrenderers","itemrenderer","0","1"
"6790","products","product","0","312"
"6791","convention","conventions","0","101"
"6792","datacontracts","datacontract","0","3"
"6793","heroku-cli","heroku-toolbelt","0","0"
"6794","android-n","android-7.0-nougat","0","1"
"6795","android-o","android-8.0-oreo","0","1"
"6796","signatures","signature","0","49"
"6797","privilege","privileges","0","62"
"6798","packets","packet","0","281"
"6799","alarms","alarm","0","41"
"6800","shadows","shadow","0","63"
"6801","predicates","predicate","0","83"
"6802","google-api-explorer","google-apis-explorer","0","28"
"6803","listboxitems","listboxitem","0","48"
"6804","procedures","procedure","0","168"
"6805","internal","internals","0","386"
"6806","metric","metrics","0","140"
"6807","members","member","0","64"
"6808","accounts","account","0","92"
"6810","hiddenfield","hidden-field","0","20"
"6811","hidden-fields","hidden-field","0","1"
"6812","equations","equation","0","194"
"6813","named-scopes","named-scope","0","1"
"6814","subscriptions","subscription","0","332"
"6815","areas","area","0","34"
"6817","android-sharedpreferences","sharedpreferences","0","484"
"6818","rollovers","rollover","0","3"
"6819","model-binders","modelbinders","0","1"
"6820","stubs","stub","0","76"
"6821","continuation","continuations","0","39"
"6822","perspectives","perspective","0","12"
"6823","regions","region","0","85"
"6824","custom-validators","customvalidator","0","120"
"6825","treemaps","treemap","0","21"
"6826","endpoints","endpoint","0","274"
"6827","playlists","playlist","0","48"
"6831","tree-nodes","treenode","0","17"
"6832","gateways","gateway","0","17"
"6833","agents","agent","0","140"
"6834","faults","fault","0","5"
"6835","variants","variant","0","72"
"6836","restrictions","restriction","0","160"
"6837","subreports","subreport","0","47"
"6838","curves","curve","0","108"
"6839","assertions","assertion","0","426"
"6840","mouse-listener","mouselistener","0","0"
"6841","bitsets","bitset","0","4"
"6842","figures","figure","0","90"
"6843","servercontrol","servercontrols","0","1"
"6844","demos","demo","0","4"
"6845","manuals","manual","0","11"
"6847","number-rounding","rounding","3","0"
"6848","decimal-format","decimalformat","0","1"
"6852","vsts-release-task","azure-pipelines-release-task","0","0"
"6853","vsts-local-build-agent","azure-devops-self-hosted-agent","0","0"
"6854","vsts-extension","azure-devops-extensions","0","1"
"6857","vsts-package-management","azure-artifacts","0","0"
"6858","vsts-restapi","azure-devops-rest-api","0","1"
"6859","vsts-api","azure-devops-rest-api","0","1"
"6860","vsts-build-task","azure-pipelines-build-task","0","0"
"6861","vsts-release","azure-pipelines-release-pipeline","0","1"
"6862","vsts-build","azure-pipelines","0","0"
"6863","vsts","azure-devops","0","235"
"6864","paragraphs","paragraph","0","100"
"6865","keystrokes","keystroke","0","47"
"6866","captions","caption","0","92"
"6867","drives","drive","0","40"
"6868","web-user-controls","webusercontrol","0","10"
"6869","webusercontrols","webusercontrol","0","0"
"6870","scripting-languages","scripting-language","0","3"
"6873","event-triggers","eventtrigger","0","60"
"6874","nszombies","nszombie","0","4"
"6875","digit","digits","0","125"
"6876","clean-url","clean-urls","0","11"
"6877","lights","light","0","27"
"6878","bit-masks","bitmask","0","52"
"6880","nuxt","nuxt.js","4","1676"
"6881","invoices","invoice","0","124"
"6882","touch-events","touch-event","0","14"
"6883","viewhelper","view-helpers","0","24"
"6884","opcodes","opcode","0","34"
"6885","nsdatecomponent","nsdatecomponents","0","2"
"6886","google-amp","amp-html","4","316"
"6887","accelerated-mobile-page","amp-html","4","301"
"6889","method-overriding","overriding","0","96"
"6890","function-overriding","overriding","0","19"
"6891","routedcommand","routed-commands","0","4"
"6892","affiliates","affiliate","0","25"
"6893","log-files","logfile","0","14"
"6895","routedevent","routed-events","0","16"
"6896","routedevents","routed-events","0","3"
"6897","particle","particles","0","98"
"6898","drop-shadow","dropshadow","0","42"
"6899","executors","executor","0","62"
"6900","enumerators","enumerator","0","5"
"6901","segments","segment","0","63"
"6902","contracts","contract","0","44"
"6903","operations","operation","0","184"
"6904","ajax-forms","ajaxform","0","11"
"6905","favorite","favorites","0","49"
"6906","rates","rate","0","30"
"6907","proofs","proof","0","21"
"6908","measures","measure","0","104"
"6909","workflow-services","workflowservice","0","4"
"6910","network-shares","network-share","0","51"
"6911","data-members","datamember","0","45"
"6912","avatars","avatar","0","23"
"6913","object-initializer","object-initializers","0","3"
"6914","formhelper","form-helpers","0","18"
"6915","options-menu","optionmenu","0","7"
"6916","quotas","quota","0","46"
"6917","letters","letter","0","181"
"6918","mappers","mapper","0","10"
"6919","writers","writer","0","3"
"6920","update-attribute","update-attributes","0","5"
"6921","subforms","subform","0","52"
"6922","callout","callouts","0","41"
"6923","indexed-views","indexed-view","0","7"
"6924","windowsformhost","windowsformshost","0","8"
"6925","symbol-tables","symbol-table","0","6"
"6926","modalpopups","modalpopup","0","7"
"6927","modal-popup","modalpopup","0","10"
"6928","extras","extra","0","24"
"6929","buckets","bucket","0","62"
"6930","modifiers","modifier","0","64"
"6931","formsets","formset","0","88"
"6932","resource-file","resource-files","0","12"
"6933","detail","details","0","21"
"6934","aspects","aspect","0","10"
"6935","help-files","helpfile","0","4"
"6936","ivars","ivar","0","0"
"6937","voxels","voxel","0","74"
"6938","templatetag","templatetags","0","13"
"6939","remote-connections","remote-connection","0","10"
"6940","custom-event","custom-events","0","26"
"6941","er-diagram","erd","0","100"
"6942","data-layer","data-layers","0","81"
"6943","instance-method","instance-methods","0","22"
"6944","data-formats","dataformat","0","24"
"6945","class-attribute","class-attributes","0","13"
"6946","aggregators","aggregator","0","4"
"6947","phrases","phrase","0","33"
"6948","discounts","discount","0","31"
"6949","hostheader","hostheaders","0","14"
"6950","vendors","vendor","0","34"
"6951","zones","zone","0","23"
"6952","fiber","fibers","0","113"
"6953","service-pack","servicepacks","0","4"
"6954","operand","operands","0","99"
"6955","inspections","inspection","0","9"
"6956","pointcuts","pointcut","0","4"
"6957","variation","variations","0","112"
"6958","controller-actions","controller-action","0","0"
"6959","interruptions","interruption","0","14"
"6960","panes","pane","0","16"
"6961","custom-tools","customtool","0","4"
"6962","background-agent","background-agents","0","0"
"6963","formfield","form-fields","0","42"
"6964","browser-scrollbars","scrollbar","0","8"
"6965","new","new-operator","0","1433"
"6966","dynamic-method","dynamicmethod","0","9"
"6967","designview","design-view","0","10"
"6968","custom-paging","custompaging","0","11"
"6969","control-panel","controlpanel","0","24"
"6970","com-object","comobject","0","29"
"6971","filestructure","file-structure","0","19"
"6972","event-validation","eventvalidation","0","2"
"6973","eventreceiver","event-receiver","0","10"
"6974","event-queue","eventqueue","0","16"
"6975","edit-control","editcontrol","0","6"
"6976","data-compression","compression","0","112"
"6977","scala-generics","generics","0","74"
"6978","flex-mojos","flexmojos","0","0"
"6979","partialviews","partial-views","0","8"
"6980","oracle-client","oracleclient","0","16"
"6981","operation-contract","operationcontract","0","0"
"6982","mvcminiprofiler","mvc-mini-profiler","0","1"
"6983","multi-targeting","multitargeting","0","42"
"6984","lostfocus","lost-focus","0","10"
"6985","lookup-field","lookupfield","0","5"
"6986","logfiles","logfile","0","63"
"6987","lastinsertid","last-insert-id","0","23"
"6988","get-method","getmethod","0","17"
"6989","formsauthentication","forms-authentication","0","14"
"6990","struts1","struts-1","0","86"
"6991","static-resource","staticresource","0","35"
"6992","state-server","stateserver","0","3"
"6993","singleinstance","single-instance","0","5"
"6994","sessionstorage","session-storage","0","237"
"6995","run-loop","runloop","0","0"
"6996","property-editor","propertyeditor","0","4"
"6997","windows-forms-host","windowsformshost","0","5"
"6998","webproject","web-project","0","21"
"6999","webcontent","web-content","0","16"
"7000","web-client","webclient","0","40"
"7002","user-location","userlocation","0","10"
"7004","trace-listener","tracelistener","0","3"
"7005","top-down","topdown","0","48"
"7006","thread-static","threadstatic","0","3"
"7007","syndicationfeed","syndication-feed","0","4"
"7008","strictmode","android-strictmode","0","14"
"7009","image-icon","imageicon","0","1"
"7011","cllocationmanager","core-location","2","50"
"7012","top-n","greatest-n-per-group","2","33"
"7013","amp-story","amp-stories","0","0"
"7014","custom-exceptions","exception","4","181"
"7018","google-calendar-api3","google-calendar-api","0","0"
"7019","pyspark-sql","apache-spark-sql","4","3027"
"7021","winword","ms-word","4","6"
"7022","mirth-connect","mirth","0","215"
"7023","py.test","pytest","0","8"
"7024","multi-tier","n-tier-architecture","0","0"
"7025","three-tier","n-tier-architecture","0","0"
"7027","ecmascript-8","ecmascript-2017","1","0"
"7028","draggable","drag-and-drop","0","0"
"7029","aws-sdk-dotnet","aws-sdk-net","0","0"
"7031","wikidata-api","wikidata","0","0"
"7032","android-tabs","android-tablayout","0","0"
"7033","website","web","0","5879"
"7034","sharepoint-online-rest-api","sharepoint-rest-api","0","0"
"7035","aerospike-ce","aerospike","0","0"
"7036","vanilla-js","javascript","0","54"
"7037","vanillajs","javascript","0","132"
"7038","spring-data-neo4j-5","spring-data-neo4j","4","38"
"7039","spring-data-neo4j-4","spring-data-neo4j","4","41"
"7041","py3","python-3.x","4","25"
"7045","android-9.0-p","android-9.0-pie","0","0"
"7046","springjunit4classrunner","spring-test","2","2"
"7047","python-list","list","4","203"
"7048","apex-code","apex","0","0"
"7049","gcloud-python","google-cloud-python","0","0"
"7050","mdc-components","material-components-web","0","0"
"7052","pyunit","python-unittest","0","1"
"7053","php-namespaces","php","4","33"
"7055","google-admob","admob","0","1312"
"7056","webpage","html","3","1722"
"7057","s3-bucket","amazon-s3","4","385"
"7058","flatassembler","fasm","1","0"
"7059","nelmio-api-doc","nelmioapidocbundle","0","0"
"7060","nelmio-cors","nelmiocorsbundle","0","0"
"7063","bloom","bloom-filter","0","0"
"7064","azure-template","azure-rm-template","1","0"
"7065","natural-language-processing","nlp","4","1330"
"7066","flow-bin","flowtype","0","0"
"7067","general-purpose-registers","cpu-registers","0","1"
"7069","pp","perl-packager","0","13"
"7072","azure-kubernetes","azure-aks","3","3"
"7073","string-to-datetime","date-parsing","1","0"
"7074","hp-loadrunner","loadrunner","0","2"
"7075",".war","war","0","6"
"7076","war-files","war","0","0"
"7077","gutenberg","wordpress-gutenberg","0","264"
"7080","aws-lex","amazon-lex","1","143"
"7081","kotlinx.coroutines","kotlin-coroutines","0","624"
"7082","outlook-api","outlook-object-model","0","0"
"7083","listiterator","iterator","4","173"
"7084","calcite","apache-calcite","0","28"
"7085","circular","circular-dependency","0","274"
"7086","aws-elasticbeanstalk","amazon-elastic-beanstalk","0","10"
"7087","chinese","cjk","0","194"
"7088","korean","cjk","0","69"
"7089","japanese","cjk","0","158"
"7091","uncompress","compression","0","13"
"7092","decompression","compression","0","114"
"7093","decompress","compression","0","61"
"7094","reentrant","reentrancy","0","5"
"7095","doctrine2","doctrine-orm","0","11"
"7096","doctrine2-postgres","doctrine-orm-postgres","0","0"
"7097","doctrine2-filters","doctrine-orm-filters","0","0"
"7098","psycopg","psycopg2","0","162"
"7099","android-fab","floating-action-button","0","5"
"7100","pandas-groupby","group-by","4","2032"
"7101","xamarin.droid","xamarin.android","4","0"
"7102","cloud-sponge","cloudsponge","0","0"
"7103","downcasting","downcast","0","18"
"7104","nomenclature","terminology","0","32"
"7108","authorize.net-arb","arb","0","0"
"7109","ahk","autohotkey","0","219"
"7110","evaluation-order","operator-precedence","0","6"
"7111","order-of-evaluation","operator-precedence","0","15"
"7112","order-of-operations","operator-precedence","0","7"
"7113","jdk11","java-11","0","79"
"7115","pwsh","powershell-core","0","26"
"7117","esri-javascript-api","arcgis-js-api","0","69"
"7118","robomongo","robo3t","0","13"
"7119","aws-iam-roles","amazon-iam","0","11"
"7120","paypal-checkout","paypal","0","10"
"7121","emgu","emgucv","0","56"
"7122","ses","amazon-ses","0","141"
"7123","trading-view","tradingview-api","0","15"
"7124","tradingview","tradingview-api","0","1435"
"7125","prismatic-schema","plumatic-schema","0","0"
"7126","android-sugarorm","sugarorm","0","0"
"7127","android-exoplayer","exoplayer","0","1"
"7128","wowjs","wow.js","0","2"
"7129","memory-ordering","memory-barriers","0","7"
"7130","invalidate","invalidation","0","17"
"7131","coordinated-universal-time","utc","0","0"
"7132","method-overloading","overloading","0","3"
"7133","android-fragmentmanager","fragmentmanager","0","0"
"7134","git-conflict-resolution","git-merge-conflict","0","0"
"7135","immutablejs","immutable.js","0","3"
"7136","state-machines","state-machine","0","2"
"7137","finite-state-machine","state-machine","0","6"
"7138","travis","travis-ci","0","93"
"7139","optionbutton","radio-button","0","16"
"7140","option-button","radio-button","0","1"
"7141","radiobutton","radio-button","0","238"
"7142","julia-lang","julia","0","2"
"7143","julialang","julia","0","10"
"7144","category","categories","0","437"
"7146","mcts","monte-carlo-tree-search","0","6"
"7147","appc","appcelerator","0","1"
"7148","apache-coccoon","apache-cocoon","0","0"
"7149","overcommit","memory-overcommitment","0","1"
"7150","brew","homebrew","0","324"
"7151","bpf","ebpf","2","0"
"7152","precedence","operator-precedence","0","67"
"7153","jaws","jaws-screen-reader","0","32"
"7155","kv","kivy-language","0","63"
"7156","amp","asynchronous-messaging-protocol","0","760"
"7157","can","can-bus","0","250"
"7158","rolling","rolling-computation","0","296"
"7159","appmaker","google-app-maker","0","32"
"7161","wifi-configuration","wifi","0","2"
"7162","decentralized","distributed","0","23"
"7163","casing-conventions","naming-conventions","0","1"
"7166","qss","qtstylesheets","0","28"
"7167","special-methods","magic-methods","0","2"
"7168","windows-taskbar","taskbar","0","4"
"7169","qt-style-sheets","qtstylesheets","0","0"
"7170","qt-style-sheet","qtstylesheets","0","0"
"7171","hypersql","hsqldb","1","0"
"7172","blogger-dynamic-views","blogger","1","0"
"7174","vapor3","vapor","0","4"
"7175","vapor2","vapor","0","0"
"7176","as3-api","actionscript-3","0","4"
"7177","aurelia-framework","aurelia","0","0"
"7178","twitter-finagle","finagle","0","0"
"7179","corb","marklogic-corb","0","46"
"7180","typehints","type-hinting","3","172"
"7181","zeppelin","apache-zeppelin","0","89"
"7182","google-services","google-play-services","1","27"
"7183","kotlin-anko","anko","0","0"
"7185","ocp","open-closed-principle","0","31"
"7186","dip-principle","dependency-inversion","0","0"
"7187","srp","single-responsibility-principle","0","14"
"7188","lsp","liskov-substitution-principle","0","153"
"7189","isp-principle","interface-segregation-principle","0","0"
"7190","docker-notary","notary","0","0"
"7191","google-services-json","google-play-services","1","21"
"7192","llvm-clang","clang","3","637"
"7194","envoy","envoyproxy","0","133"
"7195","docusign","docusignapi","0","492"
"7196","react-vr","react-360","0","3"
"7197","struts-1.x","struts-1","0","0"
"7198","youtube-api-v3","youtube-data-api","0","130"
"7199","youtube-data-api-v3","youtube-data-api","0","32"
"7200","youtube-v3-api","youtube-data-api","0","739"
"7201","youtube-reporting-api","youtube-analytics-api","0","7"
"7202","case-when","case","4","636"
"7203","firestore-security-rules","firebase-security","1","18"
"7204","eureka","netflix-eureka","0","151"
"7205","personal-digital-assistant","handhelddevice","0","0"
"7206","pda","pushdown-automaton","0","24"
"7207","d2","d","0","10"
"7208","vue-js","vue.js","0","32"
"7209","sql-anywhere","sqlanywhere","0","1"
"7210","charles","charles-proxy","0","40"
"7211","kevin-bacon","bacon-number","0","0"
"7212","numeric-format","number-formatting","0","0"
"7213","kismet","kismet-udk","0","4"
"7214","juno","openstack-juno","0","12"
"7215","android-architecture-livedata","android-livedata","0","5"
"7216","livedata","android-livedata","0","347"
"7217","ng-include","angularjs-ng-include","0","2"
"7218","glide-image-library","android-glide","0","0"
"7219","type-library","typelib","0","1"
"7220","typelibrary","typelib","0","0"
"7221","framelayout","android-framelayout","0","28"
"7222","aws-sagemaker","amazon-sagemaker","0","10"
"7223","sagemaker","amazon-sagemaker","0","344"
"7224","nawk","awk","4","25"
"7225","python-dash","plotly-dash","0","7"
"7226","helm","kubernetes-helm","0","1234"
"7227","dash","hyphen","0","1123"
"7228","sql-tuning","query-optimization","4","85"
"7229","query-tuning","query-optimization","4","30"
"7230","google-organization-chart","google-visualization","0","0"
"7231","google-timeline-chart","google-visualization","0","0"
"7232","linqjs","linq.js","0","1"
"7233","framework7","html-framework-7","0","107"
"7234","toc","tableofcontents","0","114"
"7235","workday","workday-api","0","73"
"7236","julius","yesod-julius","0","1"
"7237","curator","apache-curator","0","10"
"7238","vs-2013","visual-studio-2013","0","0"
"7239","globalinterpreterlock","gil","0","0"
"7240","asan","address-sanitizer","0","33"
"7241","asi","automatic-semicolon-insertion","0","3"
"7242","markojs","marko","0","2"
"7243","specialization","template-specialization","1","0"
"7247","aws-sam-local","aws-sam-cli","0","4"
"7248","lodash-es","lodash","0","4"
"7252","pascal-case","pascalcasing","0","0"
"7253","dragging","drag","0","36"
"7254","pendrive","usb-drive","0","17"
"7255","ai-openscale","watson-openscale","0","0"
"7256","throttle","throttling","0","44"
"7257","numberpad","numpad","0","4"
"7258","ballerinalang","ballerina","0","0"
"7259","3d-studio","3ds","0","0"
"7260","cloudera-sentry","apache-sentry","0","0"
"7261","code-conventions","coding-style","0","4"
"7262","konvajs-reactjs","react-konva","0","0"
"7263","rdotnet","r.net","0","3"
"7264","connectivitymanager","android-connectivitymanager","0","13"
"7265","videoview","android-videoview","0","76"
"7266","architecture-components","android-architecture-components","0","2"
"7267","appcrash","crash","0","37"
"7268","patching","patch","0","29"
"7269","jetbrains","jetbrains-ide","0","310"
"7270","jquery-hover","jquery-events","2","0"
"7271","facebook-ar-studio","spark-ar-studio","0","1"
"7273","gcd","grand-central-dispatch","0","141"
"7274","constraint-layout","android-constraintlayout","0","10"
"7275","cartography","maps","1","0"
"7276","mawk","awk","4","28"
"7277","awk-formatting","awk","4","15"
"7278","execution-order","order-of-execution","0","2"
"7280","google-cse","google-custom-search","0","2"
"7281","delphi-rtl","delphi-run-time-library","0","0"
"7282","rtl","register-transfer-level","0","242"
"7283","circle","geometry","0","516"
"7284","amazon-payments","amazon-pay","0","0"
"7285","pure-css","yui-pure-css","0","0"
"7286","music-player","audio-player","0","21"
"7287","fhir","hl7-fhir","0","148"
"7288","pywikipedia","pywikibot","0","0"
"7289","trimming","trim","0","13"
"7290","multilanguage","multilingual","0","78"
"7291","subtract","subtraction","0","107"
"7292","fp16","half-precision-float","0","4"
"7293","usersettings","settings","0","5"
"7294","user-settings","settings","0","3"
"7295","altera","intel-fpga","0","40"
"7297","wrap-content","android-wrap-content","0","8"
"7298","pso","particle-swarm","0","51"
"7299","hextiles","hexagonal-tiles","0","2"
"7300","gke","google-kubernetes-engine","0","414"
"7302","selenium","selenium-webdriver","3","12604"
"7304","google-bigquery-ml","google-bigquery","5","4"
"7305","geographical-information","gis","0","1"
"7306","mvcsitemap","mvcsitemapprovider","0","0"
"7308","infer","type-inference","0","29"
"7309","flamingo","radiance-flamingo","0","11"
"7310","nx","nomachine-nx","0","778"
"7311","trash","recycle-bin","0","31"
"7312","recycling","recycle","0","9"
"7313","gogland","goland","0","0"
"7314","self-host","self-hosting","0","4"
"7315","android-expansion-files","apk-expansion-files","0","0"
"7316","unix-domain-sockets","unix-socket","0","1"
"7317","fop","apache-fop","0","48"
"7318","google-maps-ios","google-maps-sdk-ios","0","1"
"7319","android-navigation-component","android-architecture-navigation","0","9"
"7320","bootsector","bootloader","0","5"
"7321","qi4j","apache-zest","0","0"
"7322","xcode-service","xcode-server","0","0"
"7323","access-ef-provider","jet-ef-provider","0","6"
"7324","shorten-url","url-shortener","0","0"
"7326","free-function","non-member-functions","0","3"
"7327","tv","television","0","192"
"7328","exams","r-exams","0","27"
"7329","edf","european-data-format","0","16"
"7330","shinyapps.io","shinyapps","0","26"
"7331","angularjs2","angular","0","1"
"7332","osx-high-sierra","macos-high-sierra","0","1"
"7333","service-fabric","azure-service-fabric","0","18"
"7334","createfolder","create-directory","0","9"
"7335","shared-folders","shared-directory","0","7"
"7336","folder-structure","directory-structure","0","8"
"7337","current-working-directory","working-directory","0","1"
"7338","current-dir","working-directory","0","0"
"7339","working-folder","working-directory","0","0"
"7341","subdirectories","subdirectory","0","23"
"7342","subfolder","subdirectory","0","114"
"7343","folder","directory","0","1037"
"7344","folders","directory","0","289"
"7345","one-hot","one-hot-encoding","0","10"
"7346","xmldoc","xml-documentation","0","2"
"7347","sqlite3","sqlite","0","1827"
"7348","copyfile","file-copying","0","21"
"7350","gmpl","mathprog","0","3"
"7351","gnu-mathprog","mathprog","0","0"
"7352","integration-tests","integration-testing","0","8"
"7353","appcompat","android-appcompat","0","26"
"7355","discord.py-rewrite","discord.py","4","1615"
"7356","android-textview","textview","0","28"
"7357","shp","shapefile","0","29"
"7358","gui-thread","ui-thread","0","0"
"7359","lotusrb","hanami","0","0"
"7360","redshift","amazon-redshift","0","644"
"7361","object-database","object-oriented-database","0","1"
"7362","oodbms","object-oriented-database","0","1"
"7363","thorntail","wildfly-swarm","0","0"
"7364","php-mysqli","mysqli","1","3"
"7365","pos-tagging","pos-tagger","0","3"
"7366","whisker","boxplot","0","5"
"7367","ssis-development","ssis","3","0"
"7368","aci","azure-container-instances","0","24"
"7369","aws-cloudfront","amazon-cloudfront","0","14"
"7370","aws-cloudwatch","amazon-cloudwatch","0","19"
"7371","opsworks","aws-opsworks","0","2"
"7372","amazon-sdk","aws-sdk","0","2"
"7373","aws-sdk-php","aws-php-sdk","0","5"
"7374","awsiossdk","aws-sdk-ios","0","0"
"7376","repetition","repeat","0","53"
"7378","ec2-container-service","amazon-ecs","0","0"
"7379","cirrus","adobe-cirrus","0","3"
"7380","html-form","forms","0","98"
"7381","prestosql","presto","0","13"
"7384","html5","html","0","9981"
"7385","time-tag","html","0","0"
"7386","dagger-android","dagger","0","4"
"7387","dagger.android","dagger","0","0"
"7388","xhtml5","xhtml","0","6"
"7390","relay","relayjs","0","97"
"7391","pytesseract","python-tesseract","0","276"
"7393","quilljs","quill","0","34"
"7394","64bit","64-bit","0","118"
"7395","128bit","128-bit","0","0"
"7396","24bit","24-bit","0","9"
"7397","8bit","8-bit","0","20"
"7398","7bit","7-bit","0","2"
"7399","tracing","trace","0","118"
"7400","echo-framework","go-echo","0","2"
"7401","wrapping","word-wrap","0","49"
"7402","textwrapping","word-wrap","0","6"
"7404","linewrap","word-wrap","0","2"
"7405","subdirs","subdirectory","0","1"
"7406","cq5","aem","0","8"
"7407","bcl","base-class-library","0","4"
"7408","project-centennial","desktop-bridge","0","0"
"7409","ontouchevent","touch-event","0","11"
"7410","http-basic-authentication","basic-authentication","0","4"
"7411","shortcut-key","keyboard-shortcuts","0","4"
"7412","cep","complex-event-processing","0","34"
"7413","conditions","conditional-statements","0","368"
"7414","conditionals","conditional-statements","0","115"
"7415","condition","conditional-statements","0","925"
"7416","sin","trigonometry","0","49"
"7417","sine","trigonometry","0","70"
"7418","cosine","trigonometry","0","60"
"7419","cos","trigonometry","0","41"
"7420","tan","trigonometry","0","12"
"7421","yosemite","osx-yosemite","0","2"
"7422","gradients","gradient","0","60"
"7423","backbone-collections","backbone.js-collections","0","1"
"7425","vibrate","vibration","0","10"
"7426","32bit","32-bit","0","97"
"7427","16bit","16-bit","0","26"
"7428","specfiles","rpm-spec","0","0"
"7429","snap-package","snapcraft","0","0"
"7430","esa-snap","sentinel-application-platform","0","0"
"7433","modelsim","questasim","0","0"
"7434","nowjs","vercel","0","0"
"7435","sqlprofiler","sql-server-profiler","0","0"
"7436","julian","julian-date","0","19"
"7437","okhttpclient","okhttp","0","33"
"7438","css-border-image","css","0","0"
"7439","css-border-radius","css","0","0"
"7440","css-box-shadow","css","0","0"
"7441","css-text-shadow","css","0","0"
"7442","css3","css","0","4259"
"7443","css-text-overflow","css","0","1"
"7444","pixijs","pixi.js","1","37"
"7445","keyframe","css-animations","2","99"
"7449","uncaught-typeerror","typeerror","0","9"
"7450","downloading","download","0","98"
"7451","hls","http-live-streaming","0","404"
"7452","typo3-neos","neoscms","0","0"
"7453","splash","splash-screen","0","214"
"7454","gml","game-maker","0","0"
"7455","game-maker-language","game-maker","0","0"
"7457","google-contacts","google-contacts-api","0","42"
"7458","google-analytics-v4","google-analytics-firebase","0","2"
"7459","google-analytics-android","google-analytics-firebase","0","0"
"7460","java-module","java-platform-module-system","1","0"
"7461","meeting","meeting-request","0","48"
"7462","lsl","linden-scripting-language","0","12"
"7463","secondlife","linden-scripting-language","0","10"
"7464","turing","turing-machines","0","38"
"7465","smartfox","smartfoxserver","0","3"
"7466","http-etag","etag","0","0"
"7467","jxa","javascript-automation","0","19"
"7468","xml-dtd","dtd","0","0"
"7471","android-gradle","android-gradle-plugin","0","47"
"7472","tensorflowjs","tensorflow.js","1","178"
"7473","lfs","linux-from-scratch","0","105"
"7474","mysql-if","mysql","4","0"
"7475","mysqli-fetch-array","mysqli","2","1"
"7476","ef-core-2.2","entity-framework-core-2.2","0","0"
"7477","ceiling","ceil","0","12"
"7478","cloud-foundry-bosh","cf-bosh","0","0"
"7479","angularjs-digest-cycle","angularjs-digest","0","0"
"7480","hsm","hardware-security-module","0","136"
"7481","spring-mvc-initbinders","spring-mvc","4","11"
"7482","spring-java-config","spring","4","66"
"7483","azure-msi","azure-managed-identity","0","1"
"7484","s4sdk","sap-cloud-sdk","0","55"
"7485","seam-solder","deltaspike","0","0"
"7487","multidex","android-multidex","0","21"
"7488","pubsubhubbub","websub","0","10"
"7490","bpms","business-process-management","0","6"
"7491","bpm","business-process-management","0","54"
"7492","slick-slider","slick.js","0","25"
"7494","webdb","web-sql","0","1"
"7495","advertisement","ads","0","25"
"7496","advertising","ads","0","65"
"7497","adserver","advertisement-server","0","3"
"7498","virtual-method","virtual-functions","0","0"
"7499","cakephp-appmodel","cakephp-model","0","0"
"7500","uiautomator","android-uiautomator","0","35"
"7501","android-navigation-drawer","navigation-drawer","0","3"
"7502","client-scripting","client-side","0","0"
"7503","partial-function-application","partial-application","0","0"
"7504","fixed-point-combinators","fixpoint-combinators","0","0"
"7505","alertdialog","android-alertdialog","0","100"
"7506","jwt-auth","jwt","4","1374"
"7507","gz","gzip","0","51"
"7508","azure-function-app","azure-functions","4","1982"
"7510","proj4","proj","0","10"
"7512","man","manpage","0","33"
"7513","cxx","c++","4","20"
"7516","artemis","activemq-artemis","0","0"
"7517","appcompat-v7","android-appcompat","0","2"
"7518","appcompat-v7-r21","android-appcompat","0","0"
"7519","appcompat-v7-r22.1","android-appcompat","0","0"
"7520","appcompat-v7-r22.2","android-appcompat","0","0"
"7521","appcompat-v7-r23","android-appcompat","0","0"
"7522","appcompat-v7-r23.1","android-appcompat","0","0"
"7523","appcompat-v7-r23.2","android-appcompat","0","0"
"7524","appcompat-v7-r24","android-appcompat","0","0"
"7525","appcompat-v7-r25","android-appcompat","0","0"
"7526","data-cleansing","data-cleaning","0","4"
"7527","client-object-model","sharepoint-clientobject","0","1"
"7528","docker-on-windows","docker-for-windows","0","1"
"7529","docker-windows","docker-for-windows","0","4"
"7530","mint","linux-mint","0","211"
"7531","php-ffmpeg","ffmpeg-php","0","7"
"7532","ami","amazon-ami","0","57"
"7533","web-audio","web-audio-api","0","14"
"7536","hg-convert","mercurial-convert","0","2"
"7539","machine-config","machine.config","0","1"
"7540","google-script","google-apps-script","0","71"
"7541","allow-same-origin","same-origin-policy","0","1"
"7542","jeasyui","jquery-easyui","0","1"
"7544","ibm-personal-communications","ibm-pcomm","0","0"
"7545","pop-up","popup","0","74"
"7546","twiml","twilio-twiml","0","23"
"7547","rnfirebase","react-native-firebase","1","0"
"7549","mathdotnet","math.net","0","1"
"7550","sqlparameters","sqlparameter","0","5"
"7551","format-string","format-specifiers","0","0"
"7552","npmjs","npm","1","115"
"7553","okhttp3","okhttp","0","1141"
"7554","python-bigquery","google-bigquery","4","372"
"7555","bigquery-ml","google-bigquery","4","6"
"7556","bigquery-standard-sql","google-bigquery","4","2407"
"7557","celementtree","elementtree","0","0"
"7559","asyncio","python-asyncio","0","976"
"7560","chrome-mobile","mobile-chrome","0","1"
"7562","perl5","perl","0","39"
"7563","riotjs","riot.js","0","2"
"7564","flatzinc","minizinc","1","0"
"7565","androidq","android-10.0","0","19"
"7566","android-10.0-q","android-10.0","0","0"
"7567","relativelayout","android-relativelayout","0","105"
"7568","confluent-kafka","confluent-platform","4","135"
"7569","confluent","confluent-platform","4","218"
"7570","ibm-cloud-private-for-data","cloud-pak-for-data","0","0"
"7571","google-drive-api-v3","google-drive-api","0","14"
"7572","wpfgrid","wpf-grid","0","3"
"7573","android-support-design","android-design-library","1","0"
"7574","sigsegv","segmentation-fault","0","82"
"7575","openid","openid-connect","1","0"
"7576","entity-relationship-model","entity-relationship","2","0"
"7577","cloudera","hortonworks-data-platform","1","0"
"7578","salesforce-commerce-cloud","demandware","0","0"
"7579","meson","meson-build","0","143"
"7580","rakudo","raku","0","0"
"7581","snowflake","snowflake-cloud-data-platform","0","2943"
"7582",".obj","wavefront","0","0"
"7583","pycorenlp","stanford-nlp","4","15"
"7584","slam","slam-algorithm","0","0"
"7585","android-bottom-nav-view","android-bottomnav","0","0"
"7586","android-bottomnavigationview","android-bottomnav","0","0"
"7587","air-native-extension","ane","0","0"
"7589","azure-search","azure-cognitive-search","0","22"
"7590","bigquery","google-bigquery","2","1399"
"7591","google-app-engine-python","google-app-engine","3","47"
"7593","aws-ebs","amazon-ebs","1","83"
"7594","mulesoft","mule","1","0"
"7595","mule-esb","mule","2","0"
"7596","esp32","esp8266","0","0"
"7597","infrastructure-as-a-code","infrastructure-as-code","0","2"
"7598","beanstalk","amazon-elastic-beanstalk","0","88"
"7600","reflect","reflection","3","24"
"7601","statefulset","kubernetes-statefulset","1","0"
"7602","pbac","abac","0","0"
"7603","alfa","xacml","0","0"
"7604","xcode11.2","xcode11","0","0"
"7605","google-iam","google-cloud-iam","0","0"
"7606","ssm","aws-ssm","0","80"
"7607","kinesis","amazon-kinesis","0","131"
"7608","ecr","amazon-ecr","0","91"
"7609","appstoreconnect","app-store-connect","0","34"
"7610","itunesconnect","app-store-connect","0","6"
"7611","itunes-connect","app-store-connect","0","1"
"7612","template-deduction","template-argument-deduction","0","1"
"7613","class-template-argument-deduction","template-argument-deduction","0","3"
"7614","atlassian-localstack","localstack","0","0"
"7615","kentico-cloud","kentico-kontent","0","0"
"7616","kotlinx.serialisation","kotlinx.serialization","0","0"
"7617","uinavigation","uinavigationcontroller","0","1"
"7618","health-kit","healthkit","0","0"
"7619","hit-test","hittest","0","2"
"7620","hit-testing","hittest","0","0"
"7621","news-feed","feed","0","1"
"7622","isotope","jquery-isotope","0","56"
"7623","watch-os-2","watchos-2","0","0"
"7624","watch-os","watchos","0","2"
"7625","watch-os-3","watchos-3","0","0"
"7626","watch-os-4","watchos-4","0","0"
"7627","watch-os-5","watchos-5","0","0"
"7628","watch-os-6","watchos-6","0","0"
"7629","watch-os-2-beta3","watchos-2-beta3","0","0"
"7630","snowflake-datawarehouse","snowflake-cloud-data-platform","0","2"
"7631","snowflake-connector-python","snowflake-cloud-data-platform","0","15"
"7634","stackframe","stack-frame","0","7"
"7644","aurelia-bundling","aurelia","0","0"
"7646","aurelia-testing","aurelia","0","2"
"7647","aurelia-ux","aurelia","0","1"
"7648","aurelia-form","aurelia","0","0"
"7651","open-graph-protocol","facebook-opengraph","0","2"
"7652","schtasks.exe","windows-task-scheduler","0","2"
"7653","windowstaskschedule","windows-task-scheduler","0","0"
"7654","windows-scheduler","windows-task-scheduler","0","0"
"7655","schtasks","windows-task-scheduler","0","15"
"7656","aws-ecr","amazon-ecr","0","65"
"7657","ssr","server-side-rendering","0","490"
"7658","serverside-rendering","server-side-rendering","0","1"
"7659","htmllayout","layout","0","3"
"7660","html-layout","layout","0","3"
"7661","perl6","raku","0","38"
"7662","ms-flow","power-automate","0","4"
"7663","microsoft-flow","power-automate","0","8"
"7664","powerautomate","power-automate","0","146"
"7665","codeigniter-htaccess",".htaccess","3","0"
"7667","admanager","google-ad-manager","0","8"
"7668","scalaz-zio","zio","0","0"
"7669","entity-framework-core-3.0","ef-core-3.0","-1","0"
"7670","nullablereferencetypes","nullable-reference-types","0","1"
"7672","svg-transform","svg-transforms","0","0"
"7673","css-transform","css-transforms","0","13"
"7674","asp-net-core","asp.net-core","4","305"
"7675","openshift-origin","openshift","2","0"
"7676","lazyload","lazy-loading","0","43"
"7677","google-linechart","google-visualization","0","1"
"7678","dropbox-js","dropbox-sdk-js","0","0"
"7679","java-ee","jakarta-ee","0","91"
"7680","java-ee-web-profile","jakarta-ee","0","0"
"7681","google-php-sdk","google-api-php-client","1","9"
"7682","sap-connector","sap-dotnet-connector","0","1"
"7683","sap-nco","sap-dotnet-connector","0","0"
"7684","microsoft-visual-c++","visual-c++","0","0"
"7687","phalconphp","phalcon","0","0"
"7688","hdp","hortonworks-data-platform","0","0"
"7689","removable-drive","removable-storage","0","0"
"7691","popperjs","popper.js","1","6"
"7693","svg-image","svg","4","4"
"7694","r8","android-r8","0","30"
"7695","d8-dexer","android-d8","0","0"
"7696","lsm","linux-security-module","0","6"
"7697","cstdint","stdint","1","0"
"7698","int","integer","4","1015"
"7699","googlescript","google-apps-script","4","97"
"7700","anypoint-studio","mule-studio","0","0"
"7702","pixel-shading","fragment-shader","0","0"
"7703","generated-columns","calculated-columns","3","0"
"7705","google-oauth-python-client","google-api-python-client","0","0"
"7706","google-console-developer","google-developers-console","0","269"
"7707","phpunit-testing","phpunit","0","1"
"7708","processor-architecture","cpu-architecture","1","0"
"7709","angularjs-ng-route","ngroute","0","0"
"7710","angularjs-routing","ngroute","0","0"
"7711","online-radio","internet-radio","0","1"
"7712","ef-migrations","entity-framework-migrations","1","1"
"7713","system-text-json","system.text.json","1","2"
"7714","java.util.random","random","2","1"
"7716","lamina","lamina-clojure","0","1"
"7718","zend-expressive","mezzio","0","1"
"7719","apigility","laminas-api-tools","0","7"
"7720","huawei","huawei-mobile-services","0","349"
"7721","hms-integration","huawei-mobile-services","0","0"
"7723","decorator-pattern","decorator","3","2"
"7724","builder-pattern","builder","0","0"
"7725","dctm","documentum","0","0"
"7726","recycler-adapter","android-recyclerview","1","2"
"7727","corvid","velo","0","5"
"7728","8-puzzle","sliding-tile-puzzle","0","4"
"7729","9-puzzle","sliding-tile-puzzle","0","0"
"7730","15-puzzle","sliding-tile-puzzle","0","1"
"7731","16-puzzle","sliding-tile-puzzle","0","0"
"7732","pyspark-dataframes","pyspark","4","1818"
"7733","temporal","cadence-workflow","0","0"
"7734","hql-hive","hive-query","0","0"
"7735","google-cloud-test-lab","firebase-test-lab","0","0"
"7736","snowflake-data-warehouse","snowflake-cloud-data-platform","0","3"
"7737","bro","zeek","1","3"
"7739","efcore","entity-framework-core","3","278"
"7745","zeit-now","vercel","0","0"
"7746","react.js","reactjs","0","1469"
"7747","openjdk-8","java-8","4","76"
"7748","java-api","java","4","21"
"7750","ag-grid-react","ag-grid","-1","0"
"7751","ag-grid-vue","ag-grid","-1","0"
"7752","android-jetpack-navigation","android-architecture-navigation","1","0"
"7753","wopi","ms-wopi","0","11"
"7754","wc-subscriptions","woocommerce-subscriptions","0","0"
"7755","zeit","vercel","0","0"
"7756","inertia","inertiajs","0","204"
"7758","code-comments","comments","0","0"
"7759","commenting","comments","0","11"
"7760","dfs","depth-first-search","0","239"
"7762","ksql","ksqldb","4","93"
"7763","numpy-broadcasting","array-broadcasting","0","0"
"7765","laravel-stripe","laravel-cashier","0","3"
"7766","generic-lambda","lambda","4","63"
"7768","spring-reactor","spring-webflux","4","317"
"7769","spring-reactive","spring-webflux","4","344"
"7770","hms","huawei-mobile-services","0","69"
"7771","ui5-library","sapui5","0","0"
"7772","sapui5-theming","sapui5","0","0"
"7773","sapui5-smarttable","sapui5","0","1"
"7774","sapui5-opa","sapui5","0","0"
"7775","sapui5-smartfield","sapui5","0","0"
"7776","vs-2019","visual-studio-2019","0","6"
"7777","google-or-tools","or-tools","2","11"
"7778","lambdaexpression","lambda","3","6"
"7779","image-morphology","mathematical-morphology","0","168"
"7780","hms-drive","huawei-mobile-services","0","0"
"7781","hms-health","huawei-mobile-services","0","0"
"7782","hms-awareness","huawei-mobile-services","0","0"
"7783","hms-scan","huawei-mobile-services","0","0"
"7784","hms-nearby","huawei-mobile-services","0","0"
"7785","hms-push","huawei-mobile-services","0","1"
"7786","hms-location-services","huawei-mobile-services","0","0"
"7787","hms-game","huawei-mobile-services","0","0"
"7788","hms-fido","huawei-mobile-services","0","1"
"7789","hms-safety-detect","huawei-mobile-services","0","0"
"7790","hms-map","huawei-mobile-services","0","0"
"7791","hms-wallet","huawei-mobile-services","0","0"
"7792","hms-site","huawei-mobile-services","0","0"
"7793","hms-panorama","huawei-mobile-services","0","0"
"7794","hms-mlkit","huawei-mobile-services","0","0"
"7795","hms-dynamic-tag-manager","huawei-mobile-services","0","0"
"7796","hms-analytics","huawei-mobile-services","0","0"
"7797","daysjs","dayjs","0","0"
"7798","discordapp","discord","0","14"
"7799","vue3","vuejs3","0","1325"
"7800","ag-grid-enterprise","ag-grid","0","14"
"7801","install","installation","0","1505"
"7802","installer","installation","0","298"
"7803","uninstaller","uninstallation","0","6"
"7804","uninstall","uninstallation","0","180"
"7805","google-direction","google-directions-api","0","1"
"7806","urlfetchapp","urlfetch","0","24"
"7807","blazor-client-side","blazor-webassembly","1","745"
"7808","azure-machine-learning","azure-machine-learning-service","0","12"
"7809","bert","bert-language-model","0","473"
"7813","box-sizing","css","4","60"
"7815","box-shadow","css","3","330"
"7819","type-graphql","typegraphql","0","11"
"7820","microsoft-graph","microsoft-graph-api","0","215"
"7822","google-direction-api","google-directions-api","0","0"
"7823","flink-streaming","apache-flink","-1","0"
"7824","spring-boot-jpa","spring-data-jpa","4","68"
"7828","ssd","solid-state-drive","0","216"
"7829","diskusage","disk-access","0","4"
"7830","const","constants","0","413"
"7831","python-turtle","turtle-graphics","-1","0"
"7833","uva","cuda-uva","0","18"
"7837","stanford-stanza","stanford-nlp","4","77"
"7838","glove","stanford-nlp","4","146"
"7839","execution-api","google-apps-script-api","1","0"
"7841","tfs2019","tfs-2019","0","0"
"7842","maccatalyst","mac-catalyst","0","17"
"7843","serviceextension","unnotificationserviceextension","0","0"
"7845","d3.js-v5","d3.js","0","1"
"7848","r-plotly","plotly","2","391"
"7849","chef","chef-infra","0","151"
"7850","leaflet.pm","leaflet-geoman","0","0"
"7851","flex-grow","flexbox","2","49"
"7853","pulsar","apache-pulsar","1","0"
"7854","cordova-9.0.0","cordova9","0","1"
"7855","walrus-operator","python-assignment-expression","0","38"
"7856","entity-framework-core-3.1","ef-core-3.1","0","0"
"7857","gs","google-sheets","4","45"
"7858","jigsaw","java-platform-module-system","0","12"
"7859","jpms","java-platform-module-system","0","22"
"7860","chef12.0","chef-infra","0","0"
"7861","tableau","tableau-api","0","1236"
"7862","tableau-server","tableau-api","0","43"
"7863","tableau-online","tableau-api","0","14"
"7864","tableau-public","tableau-api","0","15"
"7865","es-module","es6-modules","0","0"
"7866","mediacodec","android-mediacodec","0","41"
"7867","reducers","reduce","4","156"
"7868","google-form","google-forms","0","27"
"7869","gnu-as","gnu-assembler","0","0"
"7870","azure-sql","azure-sql-database","4","145"
"7871","flex","flexbox","2","760"
"7872","flex-direction","flexbox","2","8"
"7874","html-head","html","4","35"
"7879","query-performance","query-optimization","1","593"
"7882","gapi","google-api-js-client","0","27"
"7883","hang","freeze","0","54"
"7884","gan","generative-adversarial-network","0","183"
"7885","site.master","master-pages","0","0"
"7886","gap","gap-system","0","96"
"7888","esprima.js","esprima","0","0"
"7889","gcal","google-calendar-api","3","11"
"7890","admin-sdk","google-admin-sdk","0","6"
"7891","tfjs","tensorflow.js","0","24"
"7892","google-oauth2","google-oauth","0","54"
"7893","multi-factor","multi-factor-authentication","0","0"
"7894","mfa","multi-factor-authentication","0","94"
"7895","wxpython-phoenix","wxpython","0","4"
"7896","tomee","apache-tomee","0","46"
"7898","java-date","date","0","6"
"7899","parse-cloud","parse-cloud-code","0","0"
"7900","google-apps-script-editor","google-apps-script","4","373"
"7901","google-apps-script-dashboard","google-apps-script","4","0"
"7902","google-apps-script-project","google-apps-script","4","5"
"7903","google-apps-script-menu","google-apps-script","4","0"
"7904","google-apps-script-runtime","google-apps-script","4","33"
"7905","google-apps-script-libraries","google-apps-script","4","52"
"7906","nodejs-liveserver","npm-live-server","0","0"
"7907","npm-liveserver","npm-live-server","0","0"
"7908","concat","concatenation","2","1017"
"7909","google-sheets-macros","google-apps-script","4","330"
"7910","google-maps-direction-api","google-directions-api","0","0"
"7911","nsautolayout","autolayout","0","0"
"7912","navigationlink","swiftui-navigationlink","0","110"
"7913","cppwinrt","c++-winrt","2","8"
"7914","kwargs","keyword-argument","0","57"
"7915","hilt","dagger-hilt","4","218"
"7916","android-jetpack-hilt","dagger-hilt","4","3"
"7917","android-hilt","dagger-hilt","4","4"
"7918","hilt-dagger","dagger-hilt","4","1"
"7919","offline-web-app","web-applications","1","13"
"7920","gtm","google-tag-manager","3","209"
"7921","google-sheets-custom-function","google-apps-script","4","68"
"7922","google-apps-script-addon","google-apps-script","4","352"
"7923","gsuite-addons","google-apps-script","4","86"
"7925","testdirector","hp-quality-center","0","0"
"7926","qc","hp-quality-center","0","6"
"7927","gin-gonic","go-gin","0","13"
"7928","text-rotating","text-rotation","0","0"
"7929","gmail-addons","google-apps-script","4","342"
"7930","advanced-google-services","google-apps-script","4","0"
"7931","java.time.localdatetime","java-time","2","0"
"7932","gorm-mysql","go-gorm","0","2"
"7934","auto-rotation","autorotate","0","1"
"7935","coinpayments.net","coinpayments-api","0","2"
"7936","machine-language","machine-code","1","3"
"7937","eks","amazon-eks","0","413"
"7938","aws-eks","amazon-eks","0","149"
"7940","mui","material-ui","-1","1152"
"7941","laravel-route","laravel-routing","0","62"
"7942","swift5.1","swift5","0","55"
"7943","swift5.2","swift5","0","80"
"7944","swift5.3","swift5","0","54"
"7945","laravel-7.x","laravel-7","0","232"
"7948","laravel-5.6","laravel-5","4","114"
"7949","laravel-6.2","laravel-6","2","20"
"7950","wasm","webassembly","0","403"
"7951","hdinsight","azure-hdinsight","0","6"
"7953","az","azure","4","109"
"7954","google-sheets-importxml","google-sheets-formula","4","565"
"7955","jakarta-persistence","jpa","0","4"
"7956","opencart-events","opencart","0","0"
"7957","opencart-module","opencart","0","0"
"7958","generic-programming","generics","4","351"
"7959","java.time.localtime","java-time","0","1"
"7960","hellosign","hellosign-api","0","4"
"7961","vue.js-directives","vue-directives","0","1"
"7962","vuejs-directive","vue-directives","0","1"
"7963","multiplying","multiplication","0","6"
"7964","serializer","serialization","0","102"
"7965","ms-extensions-logging","microsoft-extensions-logging","0","0"
"7966","localdatetime","java-time","2","74"
"7967","bootstrap-4.1.x","bootstrap-4","0","7"
"7968","twitter-bootstrap-4-beta","bootstrap-4","0","2"
"7971","pf-datatable","primefaces-datatable","0","0"
"7974","r-df","dataframe","0","1"
"7975","pandas-df","dataframe","0","6"
"7976","nsis-mui","modern-ui","0","3"
"7977","dialogflow","dialogflow-es","0","345"
"7978","dialogflow-fulfillment","dialogflow-es-fulfillment","0","1"
"7979","katalon","katalon-studio","0","0"
"7980","google-calendar-recurring-events","google-calendar-api","4","136"
"7981","google-calendar-reminders","google-calendar-api","4","47"
"7982","cypher-query","cypher","0","16"
"7984","importrange","google-sheets-formula","4","344"
"7985","google-sheets-query","google-sheets-formula","4","1224"
"7987","gs-installable-triggers","google-apps-script","4","8"
"7988","google-apps-script-simple-triggers","google-apps-script","4","1"
"7989","google-apps-script-web-application","google-apps-script","0","6"
"7990","gas-web-app","google-apps-script","0","0"
"7991","google-apps-script-html-service","google-apps-script","0","0"
"7992","gs-vlookup","google-sheets-formula","4","70"
"7993","google-sheets-vlookup","google-sheets-formula","4","54"
"7994","google-authentication","google-oauth","3","673"
"7995","youtube-javascript-api","youtube-api","0","287"
"7996","youtube.net-api","youtube-api","0","2"
"7997","google-sheets-conditionalformatting","google-sheets","4","56"
"7998","gs-conditional-formatting","google-sheets","4","108"
"7999","google-sheets-filter-view","google-sheets","4","32"
"8000","google-sheets-charts","google-sheets","4","38"
"8001","google-sheets-export-url","google-sheets","4","3"
"8002","hcl-notes","lotus-notes","1","0"
"8003","rails6","ruby-on-rails-6","0","31"
"8004","android-renderscript","renderscript","0","17"
"8005","opencv-python","opencv","4","1166"
"8006","python-youtube-api","youtube-api","0","0"
"8007","mongodb-replica-set","replicaset","0","0"
"8008","online-learning","online-machine-learning","0","12"
"8010","intellij-datagrip","datagrip","3","67"
"8012","kubernetes-pvc","persistent-volume-claims","1","0"
"8013","eloquent--relationship","eloquent-relationship","0","0"
"8014","jenkins--x","jenkins-x","0","0"
"8015","composer.json","composer-php","1","18"
"8017","mongo-go-driver","mongo-go","0","0"
"8018","google-form-quiz","google-forms","1","94"
"8019","javamail","jakarta-mail","0","135"
"8020","vsts-sync-migrator","azure-devops-migration-tools","0","0"
"8021","microsoft-dynamics-business-central","dynamics-business-central","0","0"
"8023","wificonfiguration","wifi","0","1"
"8024","802.11","wifi","0","23"
"8025","wlan","wifi","0","51"
"8026","wireless-connection","wireless","0","0"
"8027","azure-devops-pipelines","azure-pipelines","4","710"
"8028","revit","revit-api","0","422"
"8029","asp.net-blazor","blazor","2","122"
"8030","es2018","ecmascript-2018","0","1"
"8031","ecmascript-7","ecmascript-2016","0","0"
"8032","amazon-alb","aws-application-load-balancer","0","18"
"8033","aws-alb","aws-application-load-balancer","0","120"
"8034","colab","google-colaboratory","1","830"
"8035","caffeine","caffeine-cache","0","114"
"8036","babel","babeljs","0","533"
"8037","parameterized-query","prepared-statement","0","94"
"8038","parameterized-queries","prepared-statement","0","0"
"8039","jung2","jung","0","6"
"8040","room","android-room","0","788"
"8044","flutter-packages","flutter-dependencies","1","0"
"8045","elixir-framework","elixir","0","0"
"8047","git-commands","git","0","2"
"8050","tweenmax","gsap","4","6"
"8051","tweenlite","gsap","4","0"
"8052","timelinemax","gsap","4","1"
"8053","timelinelite","gsap","4","0"
"8054","greensock","gsap","4","10"
"8055","google-adwords","google-ads-api","0","2"
"8056","google-ads","google-ads-api","0","148"
"8057","get-event-store","eventstoredb","0","0"
"8058","leaflet-draw","leaflet.draw","0","5"
"8059","vcard","vcf-vcard","0","24"
"8060","vcf","vcf-vcard","0","56"
"8061","typescript-types","typescript-typings","0","0"
"8062","cnn","conv-neural-network","1","1496"
"8063","parselivequery","parse-live-query","0","0"
"8064","luis","azure-language-understanding","0","16"
"8065","azure-luis","azure-language-understanding","0","0"
"8066","contribute","adobe-contribute","0","8"
"8067","hdc","gdi","0","7"
"8068","device-context","gdi","0","1"
"8069","sagepay","opayo","0","17"
"8070","google-auth-library-nodejs","google-api-nodejs-client","1","18"
"8071","gsuite","google-workspace","4","52"
"8072","ios-widget","widgetkit","0","1"
"8074","swiftui-bug","swiftui","0","0"
"8075","google-cloud-monitoring","stackdriver","1","0"
"8076","google-cloud-logging","stackdriver","2","0"
"8077","google-cloud-stackdriver","stackdriver","1","0"
"8078","reduxjs-toolkit","redux-toolkit","3","0"
"8079","memsql","singlestore","0","18"
"8080","spm","matlab-spm","0","61"
"8083","vue-bootstrap","bootstrap-vue","0","4"
"8084","artisan","laravel-artisan","0","139"
"8085","sensor","sensors","0","243"
"8086","kony","temenos-quantum","0","7"
"8088","matterjs","matter.js","0","9"
"8089","icloudkit","cloudkit","0","1"
"8090","islamic-calendar","hijri","0","0"
"8091","aws-elasticfilesystem","amazon-efs","0","1"
"8092","aws-efs","amazon-efs","0","6"
"8093","sap-fiori-elements","sap-fiori","0","5"
"8094","webkit-mask","css-mask","0","0"
"8095","cypressio","cypress","0","4"
"8096","netbeans-12-0","netbeans-12","0","0"
"8097","netbeans12.0","netbeans-12","0","1"
"8098","labstack-echo","go-echo","0","0"
"8099","snowflake-data-masking","snowflake-cloud-data-platform","4","23"
"8100","snowsql","snowflake-cloud-data-platform","4","432"
"8101","snowflake-task","snowflake-cloud-data-platform","4","730"
"8102","snowflake-pipe","snowflake-cloud-data-platform","4","260"
"8103","visual-studio-code-extension","vscode-extensions","0","3"
"8104","framework3.5",".net-3.5","0","1"
"8105","google-reflections","reflections","0","0"
"8106","sybase-iq","sap-iq","0","1"
"8107","sybase-ase","sap-ase","0","1"
"8108","longjmp","setjmp","0","5"
"8109","plottable.js","plottable","0","0"
"8110","ember-3","ember.js-3","0","0"
"8111","ember-2.0.0","ember.js-2","0","0"
"8112","cloudfoundry","cloud-foundry","0","10"
"8113","pivotal-cloud-foundry","cloud-foundry","0","29"
"8114","firebasecrashlytics","crashlytics","0","0"
"8115","tf-lite","tensorflow-lite","0","1"
"8116","dynamics-crm-portals","powerapps-portal","0","0"
"8117","adxstudio-portals","powerapps-portal","0","0"
"8118","opencv-contrib","opencv","4","81"
"8119","spring-rabbitmq","spring-rabbit","0","0"
"8120","alphavantage-api","alpha-vantage","0","2"
"8121","alphavantage","alpha-vantage","0","14"
"8122","running-total","cumulative-sum","0","9"
"8123","kubernetes-pod","kubernetes","3","1018"
"8124","jest","jestjs","0","2916"
"8125","iex","elixir-iex","0","20"
"8126","sapui5-smart-table","sapui5","0","0"
"8128","wixcode","velo","0","5"
"8129","isa","instruction-set","0","16"
"8130","instruction-set-architecture","instruction-set","0","0"
"8131","apache-beam-pipeline","apache-beam","0","0"
"8132","hms-core","huawei-mobile-services","0","2"
"8133","windows-forms-app","winforms","0","3"
"8134","white","white-framework","0","62"
"8135","mocha","mocha.js","0","259"
"8136","kusto-query-language","kql","0","3"
"8137","azure-kusto","azure-data-explorer","0","6"
"8138","kusto","azure-data-explorer","0","187"
"8140","java-ws","jax-ws","0","0"
"8141","shell-trap","shell","3","2"
"8142","m1","apple-m1","0","462"
"8143","gpu-programming","gpu","0","2"
"8144","web-deployment","deployment","2","1588"
"8145","offsetdatetime","datetimeoffset","2","0"
"8146",".net-core-5",".net-5","2","4"
"8147","android-customtabs","chrome-custom-tabs","0","0"
"8148","twa","trusted-web-activity","0","20"
"8149","nuxtjs","nuxt.js","2","548"
"8150","xamarin.shell","xamarin.forms.shell","0","0"
"8151","github-workflow","github-actions","0","24"
"8152","reactive-forms","angular-reactive-forms","3","17"
"8153","fbprophet","facebook-prophet","0","59"
"8154","luis.ai","azure-language-understanding","1","0"
"8155","microsoft-bot-framework","botframework","4","102"
"8156","adaptive-dialogs","botframework","2","1"
"8157","bot-framework-composer","botframework","2","64"
"8158","image-zoom","zooming","0","2"
"8159","page-zoom","zooming","0","0"
"8160","zoomsdk","zoom-sdk","0","2"
"8161","zoom-api","zoom-sdk","0","18"
"8162","zoom","zoom-sdk","0","551"
"8163","sapui5-smartchart","sapui5","0","0"
"8164","google-drive-team-drive","google-drive-shared-drive","0","0"
"8165","google-dataflow","google-cloud-dataflow","0","10"
"8167","ar","augmented-reality","0","327"
"8169","command-line-args","command-line-arguments","0","0"
"8170","command-line-parsing","command-line-arguments","0","2"
"8172","paypal-rest-sdk","paypal","-1","0"
"8174","ink","rust-ink","0","15"
"8175","kotlintest","kotest","0","11"
"8176","javascript-audio-api","web-audio-api","0","3"
"8177","pypi-regex","python-regex","0","2"
"8179","email-integration","email","0","6"
"8180","email-injection","email","0","0"
"8181","reactor","project-reactor","3","94"
"8182","google-gsuite","google-workspace","4","43"
"8183","google-cloud-sdk","gcloud","0","0"
"8185","borrowing","borrow-checker","4","353"
"8186","variable-subsitution","variable-substitution","0","0"
"8187","android-jetpack-compose-text","android-compose-textfield","0","134"
"8188","google-container-optimized-os","google-container-os","0","0"
"8189","snowflake-stream","snowflake-cloud-data-platform","4","68"
"8191","google-form-api","google-forms","-1","1"
"8192","mars","sql-server-mars","0","62"
"8193","ado.net-mars","sql-server-mars","0","0"
"8195","mongodb-php","php-mongodb","-1","0"
"8196","firebasefirestore","google-cloud-firestore","4","565"
"8197","twitter-bootstrap-5","bootstrap-5","0","8"
"8200","scriplets","scriptlet","0","0"
"8201","shopify-template","shopify","0","0"
"8202","xdp","xdp-pdf","0","40"
"8203","gatsbyjs","gatsby","0","13"
"8204","open-zeppelin","openzeppelin","0","0"
"8206","intel-ifort","intel-fortran","2","0"
"8207","cybersecurity","security","0","354"
"8208","hybris","sap-commerce-cloud","0","71"
"8209","ner","named-entity-recognition","0","80"
"8210","amazon-rds-aurora","amazon-aurora","0","0"
"8211","aws-aurora","amazon-aurora","0","2"
"8212","angular-testing","angular-test","0","7"
"8213","stochastic-gradient","sgd","0","0"
"8214","grakn","vaticle-typedb","0","1"
"8215","typedb","vaticle-typedb","0","1"
"8216","graql","vaticle-typeql","0","0"
"8217","typeql","vaticle-typeql","0","0"
"8218","atomicity","atomic","0","14"
"8219","mrpt","mobile-robot-toolkit","0","3"
"8220","importlib","python-importlib","0","24"
"8221","aurora","amazon-aurora","0","98"
"8222","azure-data-factory-pipeline","azure-data-factory","1","2"
"8223","azure-integration-runtime","azure-data-factory","0","1"
"8226","filepath","path","3","485"
"8229","cyclic-dependency","circular-dependency","0","13"
"8230","webflux","spring-webflux","3","222"
"8231","es2020","ecmascript-2020","0","0"
"8232","es2021","ecmascript-2021","0","0"
"8233","ssg","static-site-generation","0","24"
"8234","es2019","ecmascript-2019","0","0"
"8235","es2016","ecmascript-2016","0","2"
"8236","firebase-crashlytics-plugin","crashlytics","0","0"
"8237","reactjs-native","react-native","4","2"
"8238","vtune","intel-vtune","0","6"
"8239","redux-reducers","redux","4","1"
"8242","firebase-emulator","firebase-tools","0","30"
"8243","aws-emr","amazon-emr","0","12"
"8244","nexmo","vonage","4","30"
"8245","azure-data-flow","azure-data-factory","0","3"
"8246","adwords-apiv201402","google-ads-api","0","6"
"8247","adwords-api-v201802","google-ads-api","0","9"
"8248","adwords-api-v201109","google-ads-api","0","2"
"8249","paginate","pagination","0","23"
"8250","aws-textract","amazon-textract","0","1"
"8251","class-based-views","django-class-based-views","0","1"
"8252","stripe-checkout","stripe-payments","1","27"
"8253","stripe-api","stripe-payments","1","25"
"8254","react-stripe-elements","stripe-payments","1","1"
"8255","stripe-subscriptions","stripe-payments","1","7"
"8256","stripe-elements","stripe-payments","1","9"
"8257","stripe-payout","stripe-payments","1","3"
"8258","stripe-invoices","stripe-payments","1","2"
"8259","stripe-cli","stripe-payments","1","15"
"8260","stripe-webhooks","stripe-payments","1","10"
"8261","react-native-stripe-api","stripe-payments","1","17"
"8262","stripe-terminal","stripe-payments","1","4"
"8263","dj-stripe","stripe-payments","1","7"
"8264","stripe-testing","stripe-payments","1","1"
"8265","stripe-ruby","stripe-payments","1","0"
"8266","stripe-billing","stripe-payments","1","1"
"8267","stripe-react-native","stripe-payments","1","4"
"8268","laravel-relations","eloquent-relationship","1","0"
"8269","laravel-views","laravel-blade","4","21"
"8270","guzzlehttp","guzzle","1","15"
"8271","pathname","path","3","51"
"8272","apache-tinkerpop","tinkerpop","0","1"
"8273","rshiny","shiny","1","459"
"8274","google-protocol-buffer","protocol-buffers","0","0"
"8275","proto","protocol-buffers","2","43"
"8276","flux-machine-learning","flux.jl","0","0"
"8277","julia-flux","flux.jl","0","0"
"8279","visitor","visitor-pattern","0","10"
"8280","kotlin-coroutines-flow","kotlin-coroutines","0","2"
"8281","kmm","kotlin-multiplatform","0","195"
"8284","django-template-filters","django-templates","-1","0"
"8285","airflow-scheduler","airflow","1","638"
"8286","airflow-operator","airflow","0","4"
"8287","apache-airflow-xcom","airflow","0","2"
"8288","airflow-worker","airflow","0","4"
"8289","kotlin-multiplatform-mobile","kotlin-multiplatform","0","141"
"8290","gchart","google-visualization","0","0"
"8291","dataverse","common-data-service","0","0"
"8292","vanilla-typescript","typescript","4","5"
"8293","metaflow","netflix-metaflow","0","9"
"8294","tcltk","tkinter","0","0"
"8295","jason","elixir-jason","0","104"
"8297","serverless-application-model","aws-sam","0","17"
"8298","pathing","path-finding","0","9"
"8299","fhir-questionnaire","hl7-fhir","0","0"
"8300","fhir-resource","hl7-fhir","0","2"
"8301","fhir-profile","hl7-fhir","0","1"
"8302","javascript-fhir","hl7-fhir","0","0"
"8303","fhir-base","hl7-fhir","0","0"
"8304","hapi-fhir-android-library","hapi-fhir","0","0"
"8305","svg-favicon","svg","0","0"
"8306","google-people","google-people-api","0","11"
"8307","tab-delimited","csv","0","4"
"8308","tab-delimited-text","csv","0","0"
"8309","delimited-text","csv","0","3"
"8310","delimiter-separated-values","csv","0","2"
"8311","gitlab-runner","gitlab-ci-runner","2","136"
"8312","swift-spm","swift-package-manager","0","0"
"8313","dnn-module","dotnetnuke","0","1"
"8314","dnn-learning","deep-learning","0","0"
"8315","deep-neural-network","deep-learning","0","1"
"8316","wordpress-admin","wordpress","1","50"
"8317","wordpress-upgrade","wordpress","1","0"
"8318","compose.io","compose-db","0","0"
"8319","react-native-android","react-native","4","1012"
"8320","react-native-ios","react-native","4","1466"
"8321","react-native-web","react-native","4","85"
"8322","flutter-sdk","flutter","0","23"
"8323","getx","flutter-getx","0","308"
"8326","jetbrains-compose","compose-desktop","-1","0"
"8327","expo-cli","expo","0","43"
"8333","playstation-ps4","playstation4","0","0"
"8334","phpinfo","php","4","6"
"8335","databricks-sql-analytics","databricks-sql","0","0"
"8336","aws-glue-spark","aws-glue","0","282"
"8340","spacy-pytorch-transformers","spacy-transformers","0","0"
"8341","jib-maven-plugin","maven-jib","0","1"
"8342","snowflake-sql","snowflake-cloud-data-platform","4","2193"
"8343","snowflake-xml","snowflake-cloud-data-platform","4","0"
"8344","azure-machine-learning-studio","azure-machine-learning-service","0","3"
"8345","otp","erlang-otp","0","203"
"8346","astra","datastax-astra","0","69"
"8347","astra-db","datastax-astra","0","0"
"8348","windows-efs","encrypting-file-system","0","0"
"8349","elastic-file-system","amazon-efs","0","0"
"8351","rdms","rdbms","0","4"
"8352","vitejs","vite","0","51"
"8355","dse","datastax-enterprise","0","0"
"8356","airbnb","airbnb-js-styleguide","0","34"
"8357","esm","es6-modules","0","71"
"8358","backpack-for-laravel","laravel-backpack","0","22"
"8359","makefile-errors","makefile","0","0"
"8360","windows-autoplay","autoplay","0","0"
"8361","flash-autoplay","autoplay","0","0"
"8362","makefile-project","makefile","0","0"
"8363","sql-optimization","query-optimization","1","53"
"8364","mobx-react-lite","mobx-react","0","0"
"8365","aws-glue-workflow","aws-glue","0","46"
"8366","go-get","go-toolchain","0","0"
"8367","restapi","rest","3","713"
"8368","uber-zap","go-zap","0","0"
"8369","gee","libgee","0","158"
"8370","linux-df","linux-disk-free","0","0"
"8371","openjdk-17","java-17","0","246"
"8372","openjdk-11","java-11","1","149"
"8373","vs2019","visual-studio-2019","0","79"
"8374","vs2022","visual-studio-2022","0","233"
"8375","gba","game-boy-advance","0","2"
"8376","google-webmaster-tools","google-search-console","0","1"
"8377","aws-quicksight","amazon-quicksight","0","3"
"8378","i386","x86","4","66"
"8379","nvim","neovim","0","194"
"8380","composable","android-jetpack-compose","0","0"
"8381","date-of-birth","date","0","1"
"8383","dob","date","0","2"
"8384","numerical-analysis","numerical-methods","3","102"
"8385","database-update","sql-update","0","1"
"8386","swift5.4","swift5","1","4"
"8387","swift5.5","swift5","1","14"
"8388","dotnetfiddle",".net-fiddle","0","3"
"8389","google-profiles-api","google-people-api","0","4"
"8390","maping","mapping","0","3"
"8391","mongodb-realm","realm","0","0"
"8392","realm-mobile-platform","realm","0","0"
"8393","realm-database","realm","0","0"
"8394","realm-migration","realm","0","0"
"8395","realm-cloud","realm","0","0"
"8396","html-syntax","html","2","0"
"8397","vscode-settings","visual-studio-code","0","2197"
"8398","spring-aspects","spring-aop","1","0"
"8399","multi-caret","caret","0","0"
"8400","aks","azure-aks","0","171"
"8401","azure-kubernetes-service","azure-aks","0","8"
"8402","xmlschema","xsd","3","32"
"8403","adobe-launch","adobe-dtm","0","0"
"8404","ietf-netmod-yang","yang","0","0"
"8405","netconf","ietf-netconf","0","0"
"8407","ptree","boost-propertytree","-1","1"
"8408","native-testing-library","react-native-testing-library","0","0"
"8410","loc","lines-of-code","0","72"
"8411","context-api","react-context","0","13"
"8412","aws-dynamodb","amazon-dynamodb","0","3"
"8413","spigot","bukkit","1","0"
"8414","al","dynamics-al","0","21"
"8415","boxfuse","cloudcaptain","0","0"
"8416","endian","endianness","1","9"
"8417","mmu","virtual-memory","0","0"
"8418","page-tables","virtual-memory","0","0"
"8419","fiori-elements","sap-fiori","0","0"
"8420",".loc","pandas-loc","0","18"
"8421","svelte.js","svelte","0","0"
"8422","fargate","aws-fargate","0","65"
"8423","mat-table","angular-material-table","0","263"
"8424","jenkins-declarative-pipeline","jenkins-pipeline","2","0"
"8425","config-files","configuration-files","0","0"
"8426","selenium-webdriver4","selenium4","0","4"
"8427","amazon-s3-bucket","amazon-s3","0","2"
"8428","amazon-fargate","aws-fargate","0","39"
"8431","webclient-download","webclient","0","0"
"8432","mux","gorilla","0","71"
"8433","google-login","google-signin","0","16"
"8434","googlesigninapi","google-signin","0","0"
"8435","mongodb.driver","mongodb-.net-driver","0","16"
"8436","ion","android-ion","0","2"
"8437","android-aab","android-app-bundle","0","0"
"8438","dexiejs","dexie","0","3"
"8439","laravel-jobs","laravel-queue","-1","0"
"8441","args","arguments","2","103"
"8443","playwright-dotnet","playwright-sharp","0","0"
"8444","add-custom-command","cmake-custom-command","0","0"
"8445","list-comparison","list","4","17"
"8446","aliases","alias","0","34"
"8447","anti-aliasing","antialiasing","0","25"
"8448","aliasing","pointer-aliasing","0","19"
"8450","android-accessibility","accessibility","0","17"
"8452","wdqs","wikidata-query-service","0","4"
"8455","gulp-task","gulp","1","0"
"8456","nimrod","nim-lang","0","1"
"8457","ruby-2.1.3","ruby-2.1","0","0"
"8458","ruby-2.1.4","ruby-2.1","0","0"
"8459","ruby-2.1.5","ruby-2.1","0","0"
"8460","ruby-2.3.1","ruby-2.3","0","0"
"8461","ruby-2.3.8","ruby-2.3","0","0"
"8462","re","python-re","0","160"
"8463","df","dataframe","0","114"
"8464","dataflow","google-cloud-dataflow","0","395"
"8466","cy.intercept","cypress","1","0"
"8467","11ty","eleventy","0","21"
"8468","td-engine","tdengine","0","0"
"8469","use-state","react-hooks","0","2483"
"8470","use-effect","react-hooks","-1","2407"
"8471","use-context","react-context","-1","522"
"8472","member-access-enumeration","member-enumeration","0","0"
"8473","management-studio-express","ssms","0","15"
"8474","str-replace","replace","3","215"
"8475","globals","global","0","16"
"8476","wording","terminology","0","0"
"8477","wordle","wordle-game","0","25"
"8478","project-files","projects-and-solutions","0","1"
"8479","brokenimage","broken-image","0","0"
"8480","policykit","polkit","0","3"
"8481","plasma","kde-plasma","0","24"
"8482","drone","drone.io","0","81"
"8483","droneci","drone.io","0","2"
"8484","kernel-density-kde","kernel-density","0","0"
"8485","kde","kde-plasma","0","114"
"8486","mapping-by-code","nhibernate-mapping-by-code","0","0"
"8487","cmdlets","powershell-cmdlet","0","1"
"8488","cmdlet","powershell-cmdlet","0","18"
"8489","pscmdlet","powershell-cmdlet","0","0"
"8490","dapp","decentralized-applications","0","50"
"8491","phpseclib3","phpseclib","0","3"
"8492","aws-state-machine","aws-step-functions","0","0"
"8493","confluent-rest-proxy","kafka-rest","0","0"
"8494","pdfjs","pdf.js","0","31"
"8495","desktop-shortcut","shortcut-file","0","3"
"8496","ratelimit","rate-limiting","0","13"
"8497","multi-term","emacs","0","0"
"8498","scatter","scatter-plot","0","161"
"8499","msgraph","microsoft-graph-api","0","20"
"8500","scoped-mass-assigment","scoped-mass-assignment","0","0"
"8501","git-credential-winstore","git-credential-manager","0","0"
"8502",".net-maui","maui","2","4216"
"8503","grant","sql-grant","0","23"
"8504","seq","sequence","0","91"
"8505","airplane","airplane-mode","0","5"
"8507","android-coroutine","kotlin-coroutines","0","1"
"8508","escapestring","escaping","0","0"
"8509","jsonconvert","json.net","2","56"
"8510","er-diagrams","erd","0","0"
"8511","synchronisation","synchronization","0","7"
"8512","synchronize","synchronization","0","26"
"8513","knexjs","knex.js","0","4"
"8514","knex","knex.js","0","64"
"8515","input-sanitization","sanitization","0","0"
"8516","hard-coding","hardcode","0","7"
"8517","hardcoded","hardcode","0","21"
"8518","kotlinx.coroutines.flow","kotlin-flow","0","0"
"8519","compliant","standards-compliance","0","1"
"8521","grape","ruby-grape","0","12"
"8522","grape-api","ruby-grape","0","18"
"8524","kafka-cluster","apache-kafka","2","12"
"8525","hints","hint","0","22"
"8526","scenekit-modelio","apple-model-io","0","0"
"8527","wso2carbon","wso2","0","0"
"8530","maven-toolchains","maven-toolchains-plugin","0","0"
"8533",".net-framework-4.8",".net-4.8","0","637"
"8534","sap-cloud-platform","sap-business-technology-platform","0","80"
"8535","hana-cloud-platform","sap-business-technology-platform","0","0"
"8536","geth","go-ethereum","0","121"
"8537","ev3","lego-mindstorms-ev3","0","9"
"8538","p","p-lang","0","137"
"8539","b","b-lang","0","42"
"8540","datapersistance","data-persistence","0","0"
"8543","hapijs","hapi.js","0","1"
"8544","lego","lego-mindstorms","0","18"
"8545","mindstorms","lego-mindstorms","0","2"
"8546","apptainer","singularity-container","0","0"
"8547","iam","identity-management","0","148"
"8548","wso2stratos","wso2-stratos","0","0"
"8549","wso2cep","wso2-cep","0","0"
"8550","wso2bi","wso2-bi","0","0"
"8551","wso2es","wso2-es","0","0"
"8552","wso2bam","wso2-bam","0","0"
"8553","wso2ml","wso2-ml","0","0"
"8554","wso2wsas","wso2-wsas","0","0"
"8555","wso2as","wso2-as","0","0"
"8556","wso2-mgw","wso2-micro-gateway","0","0"
"8557","wso2esb","wso2-esb","0","2"
"8558","wso2iot","wso2-iot","0","0"
"8559","wso2-emm","wso2-iot","0","0"
"8560","wso2is","wso2-identity-server","0","16"
"8561","wso2-is","wso2-identity-server","0","2"
"8562","wso2mi","wso2-micro-integrator","0","2"
"8563","wso2-mi","wso2-micro-integrator","0","0"
"8564","wso2si","wso2-streaming-integrator","0","0"
"8565","wso2-si","wso2-streaming-integrator","0","0"
"8566","wso2greg","wso2-governance-registry","0","0"
"8567","wso2-greg","wso2-governance-registry","0","0"
"8568","wso2developerstudio","wso2-integration-studio","0","0"
"8569","integration-studio","wso2-integration-studio","0","1"
"8570","wso2dss","wso2-data-services-server","0","0"
"8571","wso2-dss","wso2-data-services-server","0","0"
"8572","wso2mb","wso2-message-broker","0","0"
"8573","wso2-mb","wso2-message-broker","0","0"
"8574","wso2ei","wso2-enterprise-integrator","0","5"
"8575","wso2-ei","wso2-enterprise-integrator","0","1"
"8576","wso2bps","wso2-business-process","0","0"
"8577","wso2-bps","wso2-business-process","0","0"
"8578","wso2-am","wso2-api-manager","0","4"
"8579","wso2-apim","wso2-api-manager","0","1"
"8580","wso2cloud","wso2-cloud","0","0"
"8581","wso2apicloud","wso2-cloud","0","0"
"8582","codesniffer","phpcodesniffer","0","1"
"8583","wso2msf4j","wso2-msf4j","0","0"
"8584","wso2mss","wso2-msf4j","0","0"
"8585","oneapi","intel-oneapi","0","14"
"8586","wso2sp","wso2-streaming-integrator","0","0"
"8587","oci","oracle-cloud-infrastructure","0","93"
"8588","go-packages","go-modules","0","36"
"8589","angular-serve","angular-dev-server","0","0"
"8590","query-planner","sql-execution-plan","1","0"
"8591","ftl","freemarker","0","17"
"8592","base-r","r","4","3"
"8593","azureml","azure-machine-learning-service","0","35"
"8594","coingecko-api","coingecko","0","0"
"8595","google-data-api","google-analytics-api","0","28"
"8596","google-analytics-data-api","google-analytics-api","0","46"
"8597","alpinejs","alpine.js","0","23"
"8598","p5js","p5.js","0","51"
"8599","criterion","haskell-criterion","0","1"
"8600","near","nearprotocol","0","31"
"8601","httpverbs","http-verbs","0","0"
"8602","react-create-app","create-react-app","0","0"
"8603","react-component","reactjs","4","390"
"8604","spring-actuator","spring-boot-actuator","0","28"
"8605","azure-synapse-link","azure-synapse","0","49"
"8606","swiperjs","swiper.js","0","41"
"8607","swiper","swiper.js","0","194"
"8608","this-keyword","this","0","1"
"8609","multiselectlistpreference","android-multiselectlistpreference","0","0"
"8610","aws-glue-data-catalog","aws-glue","0","242"
"8611","form-recognizer","azure-form-recognizer","0","1"
"8612","carbon-language","carbon-lang","0","0"
"8613","google-carbon","carbon-lang","0","0"
"8614","question-answering","nlp-question-answering","0","4"
"8615","hydra-python","fb-hydra","0","9"
"8616","alpine","alpine-linux","0","102"
"8617","gtm-database-system","gtm-database","0","0"
"8618","main","program-entry-point","0","132"
"8619","main-function","program-entry-point","0","3"
"8620","main-method","program-entry-point","0","30"
"8621","matchtemplate","template-matching","0","11"
"8622","snowflake-connector","snowflake-cloud-data-platform","4","652"
"8623","documentai","cloud-document-ai","0","4"
"8624","feathersui","feathers-ui","0","0"
"8625","mfmessagecomposeview","mfmessagecomposeviewcontroller","0","0"
"8626","pointer-to-member-functions","pointer-to-member","0","0"
"8627","noop","no-op","0","2"
"8628","nop","no-op","0","3"
"8629","member-function-pointers","pointer-to-member","0","0"
"8631","flutter-widget","flutter","4","237"
"8632","flutter-layout","flutter","4","4751"
"8647","crosstab","pivot-table","0","229"
"8648","micro-assembly-language","mic-1","0","0"
"8649","transformer","transformer-model","0","153"
"8650","maybe","option-type","0","7"
"8651","optional","option-type","0","77"
"8652","cra","create-react-app","0","21"
"8653","bq","google-bigquery","0","13"
"8654","assistive-technology","accessibility","0","0"
"8655","anpr","automatic-license-plate-recognition","0","5"
"8656","alpr","automatic-license-plate-recognition","0","8"
"8657","automatic-number-plate-recognition","automatic-license-plate-recognition","0","0"
"8658","vrp","vehicle-routing","0","18"
"8659","supabase-auth","supabase","0","19"
"8660","poetry","python-poetry","0","148"
"8661","text-minning","text-mining","0","0"
"8662","stratus","soundcloud-stratus","0","0"
"8663","cdktf","terraform-cdk","0","63"
"8665","cesium","cesiumjs","0","35"
"8666","asgardeo","wso2-asgardeo","0","3"
"8667","choreo","wso2-choreo","0","1"
"8668","mediarecorder-api","web-mediarecorder","0","0"
"8669","use-ref","react-hooks","4","271"
"8670","use-reducer","react-hooks","4","141"
"8671","useimperativeref","react-hooks","2","0"
"8672","react-usememo","react-hooks","4","64"
"8673","usecallback","react-hooks","4","69"
"8674","integromat","make.com","0","6"
"8675","api-management","ibm-api-management","0","2"
"8676","api-manager","wso2-api-manager","0","34"
"8678","tensorflow2.x","tensorflow2.0","0","63"
"8679","rows","row","0","292"
"8680","retrypolicy","retry-logic","0","0"
"8681","quilt-data","quiltdata","0","0"
"8682","data-packages","quiltdata","0","4"
"8683","data-wrangling","data-manipulation","2","0"
"8686","ihttpclientfactory","httpclientfactory","1","0"
"8687","xdp-ebpf","xdp-bpf","0","64"
"8689","recommender-systems","recommendation-engine","0","1"
"8690","recommendation-system","recommendation-engine","0","6"
"8691","google-data-studio","looker-studio","0","11"
"8692","kafka-consumer","kafka-consumer-api","0","143"
"8693","gitlab-pipelines","gitlab-ci","0","91"
"8695","brave-browser","brave","0","92"
"8696","synapse","apache-synapse","0","139"
"8697","delphi-synapse","ararat-synapse","0","0"
"8698","autodesk-platform-services","autodesk-forge","4","236"
"8699","tk","tk-toolkit","0","87"
"8701","flutter-riverpod","riverpod","1","378"
"8702","debounce","debouncing","0","24"
"8703","gradle-kts","gradle-kotlin-dsl","0","14"
"8704","gdrive","google-drive-api","2","37"
"8705","sql-regex","regex","0","0"
"8706","kafkacat","kcat","0","0"
"8708","variable-product","product-variations","0","19"
"8709","product-variants","product-variations","0","0"
"8712","azure-sql-server","azure-sql-database","0","322"
"8713","rails7","ruby-on-rails-7","0","84"
"8714","airflow-webserver","airflow","0","0"
"8716","itertools","python-itertools","0","39"
"8717","phoenix","apache-phoenix","0","40"
"8718","amazon-acm","aws-acm","0","0"
"8719","aws-acm-certificate","aws-acm","0","10"
"8720","graphserviceclient","microsoft-graph-sdks","0","0"
"8721","web-application-design","web-applications","1","0"
"8722","dart-sdk","dart","3","6"
"8723","xmonad-contrib","xmonad","0","0"
"8727","summary-tag","html-tag-summary","0","0"
"8728","details-tag","html-tag-details","0","0"
"8729","navigation-compose","jetpack-compose-navigation","0","0"
"8730","medium.com","medium.com-publishing-api","0","2"
"8731","htmlsanitizerapi","html-sanitizer-api","0","0"
"8735","azure-sql-data-warehouse","azure-synapse","0","0"
"8736","azure-sqldw","azure-synapse","0","0"
"8737","azure-sql-pool","azure-synapse","0","0"
"8738","azure-eventhub-capture","azure-eventhub","0","0"
"8739","azure-machine-learning-workbench","azure-machine-learning-service","0","0"
"8740","azure-cosmosdb-sqlapi","azure-cosmosdb","0","0"
"8741","azure-cosmosdb-mongoapi","azure-cosmosdb","0","0"
"8742","azure-cosmosdb-gremlinapi","azure-cosmosdb","0","0"
"8743","azure-cosmosdb-tables","azure-cosmosdb","0","0"
"8744","azure-cosmosdb-changefeed","azure-cosmosdb","0","0"
"8745","azure-cosmosdb-cassandra-api","azure-cosmosdb","0","0"
"8746","azure-cosmosdb-emulator","azure-cosmosdb","0","0"
"8749","azure-vm","azure-virtual-machine","1","92"
"8750","azure-vm-role","azure-virtual-machine","0","0"
"8751","azure-adf","azure-data-factory","0","17"
"8752","firebase-storage","google-cloud-storage","-1","0"
"8756","query-parameters","query-string","0","4"
"8757","queryparam","query-string","0","2"
"8758","scrapy-settings","scrapy","0","0"
"8759","scrapy-item","scrapy","0","0"
"8760","scrapy-request","scrapy","0","0"
"8761","airflow-celery","airflow","0","0"
"8762","chrono","c++-chrono","0","32"
"8763","snowpark","snowflake-cloud-data-platform","4","309"
"8764","gpt","google-publisher-tag","0","143"
"8765","if-this-then-that","ifttt","0","0"
"8766","typed-dataset","dataset","0","0"
"8767","custom-dataset","dataset","0","4"
"8768","python-dataset","dataset","0","0"
"8769","parquet-dataset","dataset","0","0"
"8770","diesel","rust-diesel","0","23"
"8771","feature-policy","http-permissions-policy","0","0"
"8772","kafka-topic","apache-kafka","2","0"
"8773","kafka-partition","apache-kafka","2","0"
"8774","flutter-test","flutter","3","1051"
"8776","update-statement","sql-update","0","0"
"8778","select-case","case","0","16"
"8779","columnsorting","sorting","4","155"
"8781","split-function","split","2","6"
"8784","numpy-indexing","numpy","4","6"
"8785","numpy-dtype","numpy","4","2"
"8786","generic-list","list","4","27"
"8789","azure-database-postgresql","postgresql","4","1"
"8790","indexoutofrangeexception","outofrangeexception","0","50"
"8791","powerapps-modeldriven","dynamics-crm","0","0"
"8792","entity-control-boundary","ecb-pattern","0","0"
"8793","pypdf2","pypdf","0","63"
"8794","ue5","unreal-engine5","0","22"
"8795","openidc","openid-connect","0","0"
"8796","dockerfile","docker","4","207"
"8797","dart-null-safety","dart","0","402"
"8798","spring-boot-cloud-streams","spring-cloud-stream","0","0"
"8799","glide","android-glide","0","33"
"8800","google-drive-android-api","google-drive-api","0","17"
"8801","sql-or","sql","1","0"
"8802","sql-and","sql","1","0"
"8803","avd","android-virtual-device","0","53"
"8805","tfs","azure-devops-server","0","44"
"8807","nested-query","subquery","0","4"
"8808","nested-queries","subquery","0","0"
"8809","hardware-programming","hardware","0","2"
"8810","asp.net-core-razor-pages","razor-pages","0","65"
"8811","javax.persistence","jpa","0","1"
"8812","jakarta.persistence-api","jpa","0","0"
"8813","angular-ngfor","ngfor","0","0"
"8814","parallel-for","parallel.for","0","2"
"8815","dynamics-ax7","dynamics-365-operations","1","0"
"8816","flutter-web","flutter","1","2784"
"8817","flutter-desktop","flutter","1","162"
"8818","flutter-ios","flutter","1","341"
"8819","flutter-android","flutter","1","322"
"8820","google-maps-styled","google-maps-styling","0","0"
"8821","scholar","google-scholar","0","2"
"8822","rapidapi","paw-app","0","0"
"8823","tailwind","tailwind-css","0","759"
"8824","cdk","aws-cdk","0","88"
"8825","aws-cdk-python","aws-cdk","0","6"
"8826","iot-matter","matter-iot-standard","0","1"
"8827","base","radix","0","51"
"8828","sparx","enterprise-architect","1","0"
"8829","athena","amazon-athena","0","60"
"8831","chatgpt","openai-api","0","438"
"8832","chat-gpt","openai-api","0","9"
"8833","openai","openai-api","0","640"
"8845","vue-slot","vuejs-slots","0","4"
"8846","v-slot","vuejs-slots","0","5"
"8847","aws-elasticache","amazon-elasticache","0","0"
"8848","aws-load-balancer","amazon-elb","0","3"
"8849","aws-fsx-windows","amazon-fsx","0","0"
"8850","aws-kinesis","amazon-kinesis","0","4"
"8851","amazon-kinesis-analytics-sql","amazon-kinesis-analytics","0","0"
"8852","aws-neptune","amazon-neptune","0","1"
"8853","amazon-dms","aws-dms","0","0"
"8854","amazon-glue","aws-glue","0","1"
"8855","aws-systems-manager","aws-ssm","0","1"
"8856","amazon-ssm-agent","aws-ssm","0","0"
"8857","aws-transcribe","amazon-transcribe","0","2"
"8858","firehose","amazon-kinesis-firehose","0","5"
"8859","amplify","aws-amplify","0","138"
"8860","greengrass","aws-iot-greengrass","0","0"
"8865","selling-partner-api","amazon-selling-partner-api","0","4"
"8866","amazon-sp-api","amazon-selling-partner-api","0","10"
"8867","amz-sp-api","amazon-selling-partner-api","0","0"
"8868","rcs-messaging","rich-communications-services","0","1"
"8874","firestick","amazon-fire-tv","0","2"
"8877","hangouts-api","google-hangouts","0","2"
"8878","google-chat-api","google-chat","0","118"
"8879","hangouts-chat","google-hangouts","0","1"
"8880","hangout","google-hangouts","0","1"
"8881","clouddevelopmentkit","aws-cdk","0","0"
"8882","fireos","amazon-fire-os","0","0"
"8884","borrow","borrow-checker","1","0"
"8885","ant-media-server","ant-media-server-sdk","0","0"
"8886","building-github-actions","github-actions","2","0"
"8887","state-managment","do-not-use-typo-in-tag","0","1"
"8890","non-relational-database","nosql","0","0"
"8891","linux-development","linux","0","0"
"8897","android-compose-button","android-jetpack-compose-button","0","7"
"8898","android-compose-canvas","android-jetpack-compose-canvas","0","0"
"8899","android-compose-layout","android-jetpack-compose-layout","0","0"
"8900","github-actions-workflows","github-actions","3","0"
"8901","axes","axis","0","67"
"8902","filtering","filter","4","322"
"8903","entity-framework-6.2","entity-framework-6","2","0"
"8904","entity-framework-6.4","entity-framework-6","2","0"
"8905","compiler-constants","compile-time-constant","0","0"
"8906","intuit","intuit-partner-platform","0","6"
"8907","huggingface","huggingface-transformers","0","0"
"8908","phaserjs","phaser-framework","0","0"
"8909","listobject","excel-tables","0","0"
"8910","s4","r-s4","0","7"
"8911","console","terminal","2","0"
"8912","fullcalendar-premium","fullcalendar-scheduler","0","0"
"8913","pandas-1.x","pandas","0","0"
"8914","pandas-2.x","pandas","0","1"
"8915","azure-sql-server-managed-instance","azure-sql-managed-instance","0","0"
"8916","azure-data-factory-2","azure-data-factory","0","0"
"8917","azure-copy-activity","azure-data-factory","0","0"
"8918","arm-template","azure-rm-template","0","2"
"8920","azure-synapse-analytics","azure-synapse","2","0"
"8921","jetpack-compose","android-jetpack-compose","0","132"
"8922","sql-standards","sql","0","0"
"8923","azure-ad-adal-deprecation","azure-adal-deprecation","0","0"
"8924","axis2","apache-axis","0","13"
"8926","gin-framework","go-gin","0","1"
"8929","arrayofarrays","multidimensional-array","4","4"
"8930","stdformat","fmt","0","0"
"8931","jetpack-compose-drawscope","android-jetpack-compose-canvas","0","0"
"8932","rootstock","rsk","3","0"
"8933","hedera","hedera-hashgraph","4","60"
"8934","asp.net-minimal-apis","minimal-apis","0","0"
"8935","unity3d","unity-game-engine","0","269"
"8936","catch-unit-test","catch2","0","4"
"8937","wsadmin","websphere","0","0"
"8938","sub-array","multidimensional-array","2","0"
"8939","cp1252","windows-1252","0","0"
"8940","sqlperformance","query-optimization","3","1"
"8942","stars","do-not-use-tag-stars","0","0"
"8944","material-ui-x","material-ui","1","0"
"8947","amazon-api-gateway","aws-api-gateway","0","1"
"8948","linkedin","linkedin-api","0","538"
"8949","sql-operations-studio","azure-data-studio","0","0"
"8950","n1ql","sql++","0","0"
"8951","pinescript-v5","pine-script-v5","0","0"
"8953","gin","go-gin","0","25"
"8954","fbconnect","facebook","0","5"
"8955","llm","large-language-model","0","374"
"8957","add","addition","0","99"
"8958","open-telemetry","otel","0","0"
"8959","jakarta-validation","bean-validation","0","0"
"8960","tailwindcss-aspect-ratio","tailwind-css","3","0"
"8961","sql-data-warehouse","azure-synapse","2","0"
"8962","synapse-spark","azure-synapse","2","0"
"8963","dataflow-diagram","dfd","0","0"
"8964","laravel-models","eloquent","0","0"
"8965","probability-distribution","distribution","0","0"
"8966","micrometer","spring-micrometer","0","0"
"8968","direction","right-to-left","0","0"
"8972","opencv4android","opencv","0","1"
"8973","cv2","opencv","0","113"
"8974","opencvsharp","opencv","0","16"
"8975","opencvdotnet","opencv","0","0"
"8976","opencv4ios","opencv","0","0"
"8977","opencv4nodejs","opencv","0","2"
"8978","node-opencv","opencv","0","0"
"8979","numeraljs","numeral.js","0","0"
"8980","loki","grafana-loki","0","56"
"8981","datastax-python-driver","cassandra-python-driver","0","0"
"8982","channels","channel","0","41"
"8983","alertmanager","prometheus-alertmanager","0","19"
"8985","maptools","r-maptools","0","1"
"8986","sysadmin","system-administration","0","5"
"8987","azure-ai-document-intelligence","azure-form-recognizer","0","2"
"8988","azure-ai-metrics-advisor","azure-metrics-advisor","0","0"
"8989","azure-ai-speech","azure-speech","0","0"
"8990","azure-ai-custom-vision","microsoft-custom-vision","0","0"
"8991","azure-ai-anomaly-detector","azure-anomaly-detector","0","0"
"8992","azure-ai-language","azure-language-understanding","0","0"
"8993","azure-ai-bot-service","azure-bot-service","0","0"
"8994","azure-ai-video-indexer","azure-video-indexer","0","0"
"8995","angular-ssr","angular-universal","0","0"
"8996","ga4","google-analytics-4","0","67"
"8997","nextjs13","next.js13","0","27"
"8998","stdinitializerlist","initializer-list","0","0"
"8999","access-database-engine","ms-access","3","0"
"9000","repl.it","replit","0","1"
"9001","typetraits","type-traits","0","1"
"9002","dynamodb-queries","amazon-dynamodb","0","0"
"9003","exceptionhandler","exception","4","16"
"9004","cout","iostream","-1","0"
"9005","cin","iostream","-1","0"
"9007","google-cloud-gen-app-builder","vertex-ai-search","0","0"
"9009","tsql","t-sql","0","141"
"9010","scipy.ndimage","ndimage","0","0"
"9011","businesscentral","dynamics-business-central","0","0"
"9012","alexa-flash-briefing","alexa-flash-briefing-skill","0","0"
"9013","ask-smapi-sdk","alexa-smapi","0","0"
"9014","alexa-intent","alexa-interaction-model","0","0"
"9015","alexa-app","alexa-skills-kit","0","0"
"9016","c++-standard-library","std","0","11"
"9017","arrayofstring","arrays","0","2"
"9018","chararray","arrays","4","6"
"9019","array-of-dict","arrays","4","1"
"9020","decltype-auto","decltype","0","0"
"9021","azure-b2c","azure-ad-b2c","0","1"
"9023","pointer-address","pointers","0","1"
"9024","calculation","math","1","95"
"9025","unsafe-pointers","pointers","0","9"
"9026","titanium-sdk","titanium-mobile","0","0"
"9027","system.threading.channels","channel","0","0"
"9028","404-page","custom-error-pages","0","1"
"9031","elrond","multiversx","0","0"
"9032","selenium-webdriver-python","selenium-webdriver","0","23"
"9033","asp.net-apicontroller","asp.net-web-api","0","0"
"9034","firebasemessaging","firebase-cloud-messaging","0","24"
"9035","korn","ksh","0","0"
"9036","korn-shell","ksh","0","0"
"9037","django-filters","django-filter","0","14"
"9038","discord-bot","discord","0","133"
"9039","jupyter","jupyter-notebook","1","0"
"9040","oom","out-of-memory","0","12"
"9041","fine-tune","fine-tuning","0","4"
"9042","docker-networking","docker-network","0","0"
"9043","cp-sat-solver","cp-sat","0","0"
"9044","nextauth.js","next-auth","0","2"
"9045","python-flet","flet","0","1"
"9046","graalpy","graalpython","0","0"
"9049","https-redirect","http-redirect","0","1"
"9050","csp","content-security-policy","0","47"
"9051","astrojs","astro","0","0"
"9052","aws-documentdb-mongoapi","aws-documentdb","0","0"
"9053","laravel-console","laravel-artisan","0","0"
"9054","snowflake-stage","snowflake-cloud-data-platform","0","80"
"9055","snowflake-webui","snowflake-cloud-data-platform","0","1"
"9056","snowflake-time-travel","snowflake-cloud-data-platform","0","5"
"9057","azure-synapse-pipeline","azure-synapse","2","0"
"9058","gcloud-cli","gcloud","0","0"
"9059","gcs","google-cloud-storage","0","19"
"9061","jdbc-named-parameter-template","namedparameterjdbctemplate","0","0"
"9062","flutter-provider","flutter","4","67"
"9063","flutter-animation","flutter","2","0"
"9064","bloc","flutter","-1","0"
"9067","java-ffm","project-panama","0","0"
"9068","ps3","playstation3","0","1"
"9069","net-maui","maui","1","0"
"9070","ng","angular-cli","4","1"
"9071","amazonads","amazon-advertising-api","0","1"
"9072","flutter-navigation","flutter","-1","0"
"9073","flutter-routes","flutter","-1","0"
"9074","flutter-localizations","flutter","-1","0"
"9075","flutter-state","flutter","-1","0"
"9076","flutter-bloc","flutter","0","0"
"9077","redirect","http-redirect","0","150"
"9079","plotly-python","plotly","1","71"
"9080","dbconnect","r-dbconnect","0","0"
"9081","pynecone","python-reflex","0","0"
"9082","slatejs","slate.js","0","1"
"9083","slate-react","react-slate","0","0"
"9084","slate","slate.js","0","4"
"9085","chrome-cdp","chrome-devtools-protocol","0","0"
"9086","javascript-proxy","es6-proxy","0","0"
"9087","cobra","cobra-lang","0","1"
"9088","swift-data","swiftdata","0","0"
"9089","iotdb","apache-iotdb","0","16"
"9090","ibm-domino","lotus-domino","0","0"
"9091","hcl-domino","lotus-domino","0","0"
"9092","jetbrains-rider","rider","0","2"
"9093","netlify-cms","decap-cms","0","7"
"9094","android-compose","android-jetpack-compose","0","2"
"9095","react-refine","refine.js","0","0"
"9096","refine.dev","refine.js","0","0"
"9097","sieve","sieve-algorithm","0","3"
"9098","axum","rust-axum","0","15"
"9099","abp.io","abp-framework","0","3"
"9100","abp","abp-framework","0","15"
"9101","delphi-10.4.2","delphi-10.4-sydney","0","0"
"9102","tax-rate","tax","0","0"
"9103","codegen","code-generation","0","8"
"9104","openjdk-12","java-12","0","0"
"9105","openjdk-21","java-21","0","1"
"9106","nuxt3","nuxt3.js","0","34"
"9107","nuxtjs3","nuxt3.js","0","1"
"9108","wsl-2","windows-subsystem-for-linux","0","4"
"9109","salted-hash","salt-cryptography","0","1"
"9110","salt-stack","salt-project","0","1"
"9111","aad-b2c","azure-ad-b2c","0","0"
"9112","wss-websocket","websocket","0","0"
"9113","redpanda-connect","benthos","0","0"
"9115","inferred-type","type-inference","0","1"
"9116","swagger-editor","swagger-ui","0","0"
"9117","vision","computer-vision","0","0"
"9119","centrifuge","centrifugo","0","0"
"9120","astradb","datastax-astra","0","0"
"9121","cuda-driver","cuda","0","0"
"9122","symfony-3.x","symfony3","0","0"
"9124","appscript","google-apps-script","4","33"
"9125","networking","network-programming","0","248"
"9126","dark-theme","darkmode","0","1"
"9127","red","red-lang","0","6"
"9128","avalonia","avaloniaui","0","0"
"9129","intel-mic","xeon-phi","0","0"
"9130","bicep","azure-bicep","0","16"
"9131","fatjar","uberjar","0","1"
"9132","htm","html","0","7"
"9133","common-information-model","cim","0","0"
"9134","google-sheets-table","google-sheets","0","0"
"9135","typeinitializeexception","typeinitializationexception","0","0"
"9136","postgres-12","postgresql-12","0","0"
"9137","postgres-9.6","postgresql-9.6","0","1"
"9138","postgres-9.4","postgresql-9.4","0","0"
"9139","postgres-10","postgresql-10","0","0"
"9140","postgres-11","postgresql-11","0","0"
"9141","postgres-13","postgresql-13","0","0"
"9142","postgres-14","postgresql-14","0","0"
"9143","postgres-16","postgresql-16","0","0"
"9144","yarn-v2","yarnpkg-v2","0","3"
"9145","yarn-v3","yarnpkg-v3","0","0"
"9146","yarn-v4","yarnpkg-v4","0","0"
"9147","ng-modules","angular-module","0","0"
"9149","over-clause","window-functions","2","0"
"9151","kdb","kdb+","0","9"
"9152","azure-yaml-pipelines","azure-pipelines","-1","0"
"9153","azure-pipelines-yaml","azure-pipelines","-1","0"
"9154","gsheets","google-sheets","2","0"
"9155","concurrent-processing","concurrency","2","2"
"9156","tmp","temporary-files","0","4"
"9157","temp","temporary-files","0","4"
"9158","phaser.js","phaser-framework","0","0"
"9159","ms-yarp","microsoft-yarp","0","0"
"9160","yarp","microsoft-yarp","0","0"
"9161","contactus","contact-form","0","0"
"9162","string-concatenation","concatenation","1","9"
"9163","tailwind-3","tailwind-css-3","0","0"
"9164","coq","rocq-prover","0","4"
"9165","libgsl","gsl","0","0"
"9166","timefold","optaplanner","0","0"
"9168","mcp","model-context-protocol","0","32"
"9169","kmp","kotlin-multiplatform","0","0"
"9170","cmp","compose-multiplatform","0","0"
"9171","misspelling","spelling","0","3"
"9172","meta-tags","html-meta","0","1"
"9173","hour","time","0","1"
"9174","minute","time","0","0"
"9176","seconds","time","0","2"
"9177","milliseconds","time","0","7"
"9178","weekend","date","0","2"
"9179","weekday","date","0","3"
"9181","date-format","date","0","0"
"9182","italics","font-style","0","0"
"9183","bold-delphi","delphi-bold","0","0"
"9184","underscores","font-style","0","0"
"9185","textstyle","font-style","0","0"
"9186","text-shadow","font-style","0","0"
"9187","rag","retrieval-augmented-generation","0","0"
"9188","bold","font-style","0","1"
"9189","italic","font-style","0","1"
"9190","strikethrough","font-style","0","0"
"9191","text-styling","font-style","0","0"
"9192","meta","metadata","0","62"
"9193","phpoffice-phpspreadsheet","phpspreadsheet","0","0"
"9194","counting","count","1","0"
"9195","apisix","apache-apisix","0","0"
"9196","ui5-tooling","ui5-cli","0","0"
"9197","narwhal","narwhal.js","0","0"
"9198","localizable.xcstrings","string-catalog","0","0"
"9199","xcstrings","string-catalog","0","0"
"9200","fulltext-index","full-text-search","0","0"
"9201","godbolt","compiler-explorer","0","0"
"9202","allowlist","whitelist","0","0"
"9203","startprocessinfo","processstartinfo","0","0"
"9204","postgres-17","postgresql-17","0","0"